country,1961,1962,1963,1964,1965,1966,1967,1968,1969,1970,1971,1972,1973,1974,1975,1976,1977,1978,1979,1980,1981,1982,1983,1984,1985,1986,1987,1988,1989,1990,1991,1992,1993,1994,1995,1996,1997,1998,1999,2000,2001,2002,2003,2004,2005,2006,2007,2008,2009,2010,2011,2012,2013,2014,2015,2016,2017,2018,2019,2020
Aruba,2.21,1.4,0.789,0.551,0.545,0.569,0.563,0.539,0.58,0.543,0.597,0.649,0.616,0.452,0.18,−0.144,−0.393,−0.467,−0.247,0.178,0.739,1.25,1.38,0.949,0.284,−0.632,−1.33,−1.28,−0.0944,1.78,3.87,4.84,5.22,4.81,3.77,2.68,1.8,1.26,1.1,1.19,1.39,1.44,1.31,0.96,0.482,−0.0178,−0.429,−0.694,−0.742,−0.626,0.1,0.544,0.661,0.708,0.696,0.698,0.706,0.732,0.748,0.775
Afghanistan,5.21,5.27,5.32,5.38,5.41,5.44,5.43,5.49,5.6,5.75,5.86,5.9,5.82,5.63,5.34,5.11,4.85,4.37,3.61,3.11,2.09,1.25,0.726,0.728,1.18,1.66,2.21,3.43,2.56,4.9,7.32,8.96,9.21,8.08,6.3,4.43,3.05,2.36,2.59,3.39,4.31,4.91,5.08,4.98,4.58,3.89,3.39,3.16,3.28,3.63,4.03,4.29,4.37,4.23,3.95,3.65,3.46,3.35,3.32,3.35
Angola,4.81,5.07,4.94,4.64,4.25,3.81,3.49,3.55,4.1,5.03,6.94,8.51,8.96,9.01,8.77,8.49,8.27,8.14,8.1,8.11,8.11,8.07,8.01,7.94,7.83,7.74,7.65,7.54,7.4,7.26,7.12,6.99,6.86,6.75,5.9,5.84,5.78,5.74,5.71,5.68,5.64,5.62,5.61,5.63,5.65,4.97,5.01,5.02,4.99,4.93,4.87,4.81,4.74,4.67,4.57,4.48,4.39,4.31,4.25,4.19
Albania,3.89,3.29,3.18,3.11,2.98,2.86,2.86,3.07,3.22,3.16,3.03,3.1,2.96,2.9,2.9,2.81,2.81,2.67,2.58,2.83,2.78,2.88,2.89,2.87,2.82,2.69,2.76,2.64,3.44,2.54,0.141,0.878,0.856,0.844,0.824,0.812,0.788,0.775,0.756,0.742,0.71,2.18,2.06,1.97,1.83,1.66,1.49,1.44,1.47,1.61,1.79,1.85,1.74,1.65,1.48,1.54,1.54,1.32,1.07,0.854
Andorra,11.2,10.7,10.2,9.73,9.21,8.79,8.29,7.86,7.56,7.35,7.21,6.85,6.58,5.98,5.36,4.73,4.22,4,4.12,4.37,4.7,4.94,5.01,5.03,4.86,4.41,3.93,3.83,3.76,3.68,3.69,3.62,3.26,2.52,1.63,0.532,−0.331,−0.55,0.0738,1.28,2.58,3.49,3.9,3.61,2.86,2.13,1.5,1.07,0.61,−0.113,−0.944,−1.7,−2.14,−2.05,−1.66,−1.01,−0.497,−0.0855,0.0899,0.0766
United Arab Emirates,9.88,11.8,12.1,10.9,9.25,7.54,6.91,7.96,10.6,14.4,16.8,17.6,17.6,16.9,16,15.3,14.5,13,11.2,9.25,7.26,5.77,5.05,4.92,5.15,5.48,5.67,5.74,5.7,5.6,5.59,5.62,5.51,5.24,4.94,5.23,5.64,5.73,5.83,6.04,5.76,5.7,6.99,9.66,12.5,14.9,15.6,14.3,11.5,8.1,4.94,2.54,0.987,0.539,0.877,1.39,1.67,1.82,1.75,1.52
Argentina,2.44,2.34,2.3,2.26,2.21,2.18,2.14,2.12,2.13,2.15,2.13,2.14,2.14,2.12,2.07,2.02,1.98,1.96,1.96,1.99,2.08,2.13,2.13,2.12,2.09,2.06,2.03,2,1.94,1.88,1.8,1.6,1.55,1.5,1.46,1.42,1.38,1.35,1.33,1.31,1.3,1.29,1.27,1.25,1.23,1.2,1.18,1.17,1.18,0.926,1.31,1.28,1.26,1.24,1.22,1.19,1.17,1.15,1.13,1.1
Armenia,5.22,5.1,4.96,4.79,4.61,4.42,4.24,4.09,3.99,3.87,3.77,3.69,3.58,3.46,3.07,2.94,2.81,2.7,2.35,1.97,1.86,1.75,1.71,1.75,1.83,1.98,2.05,1.82,0.88,−0.35,−1.34,−2.2,−2.75,−2.8,−2.46,−1.96,−1.54,−1.21,−1.06,−1.06,−1.05,−0.781,−0.684,−0.727,−0.807,−0.928,−1.03,−1.01,−0.831,−0.531,−0.185,0.109,0.342,0.427,0.408,0.356,0.327,0.309,0.313,0.335
American Samoa,2.99,3.7,4.25,4.29,4.16,3.92,3.66,3.5,3.31,3.03,2.81,2.62,2.42,2.22,2.04,1.89,1.76,1.89,2.34,3.12,4.12,4.64,4.95,5,4.92,4.78,4.68,4.47,4.19,3.98,3.92,3.57,3.27,3.07,2.95,2.85,2.7,2.51,2.29,1.85,1.06,0.879,0.594,0.205,−0.323,−0.869,−1.38,−1.63,−1.55,−1.17,−0.692,−0.248,0.00411,0.0637,−0.0308,−0.167,−0.251,−0.3,−0.276,−0.201
Antigua and Barbuda,0.0326,−0.0606,−0.0839,0.028,0.191,0.399,0.527,0.396,−0.0551,−0.267,0.501,−0.11,−0.525,−0.62,−0.461,−0.276,−0.0748,0.0328,0.0935,0.0888,0.117,0.214,0.232,0.237,0.236,0.18,0.161,0.304,0.632,1.08,1.43,0.634,0.951,1.05,1.07,1.07,1.05,0.977,0.853,0.645,0.36,−0.647,−0.775,−0.781,−0.716,−0.594,−0.555,−0.545,−0.596,−0.716,−0.682,0.595,0.523,0.447,0.39,0.388,0.416,0.432,0.484,0.536
Australia,2.49,2.79,2.26,2.3,2.29,2.61,1.46,1.96,2.29,2.16,3.57,2.03,1.72,2.72,1.42,1.19,1.31,1.34,1.26,1.39,1.76,1.63,1.22,1.1,1.33,1.6,1.49,1.6,1.66,1.44,1.24,1.08,0.828,0.907,1.06,1.16,0.964,0.885,0.985,1.03,1.19,1.37,1.38,1.3,1.46,1.61,0.769,2.15,2.2,1.7,1.53,1.87,1.84,1.61,1.55,1.68,1.81,1.66,1.65,1.39
Austria,0.694,0.688,0.719,0.742,0.725,0.778,0.823,0.594,0.421,0.426,0.512,0.597,0.569,0.186,−0.25,−0.161,0.0537,−0.0657,−0.155,0.0154,0.214,−0.333,−0.568,−0.417,−0.364,−0.354,−0.356,−0.281,0.026,0.332,0.567,0.666,0.386,−0.057,−0.291,−0.314,−0.336,−0.345,−0.262,−0.22,−0.0816,0.0254,0.0167,0.146,0.205,0.0159,−0.161,−0.174,−0.227,−0.253,−0.159,0.512,0.92,1.11,1.45,1.41,1.02,0.836,0.818,0.816
Azerbaijan,2.84,2.87,2.81,2.65,2.42,2.18,1.97,1.78,1.63,2.2,2.9,2.79,2.69,2.37,2.07,2.04,2,1.98,1.9,1.82,1.82,1.82,1.83,1.92,2.02,2.04,2.05,2.05,1.58,−0.122,0.978,0.935,0.938,0.765,0.562,0.414,0.369,0.346,0.696,1.21,1.17,1.13,1.15,1.26,1.4,1.48,1.52,2.48,2.45,1.6,1.73,1.79,1.78,1.76,1.73,1.68,1.56,1.47,1.48,1.5
Burundi,3.74,3.73,3.74,3.87,4.92,6.74,6.91,6.84,6.59,6.16,5.75,5.43,5.25,5.4,5.77,6.12,6.45,6.69,6.78,6.37,6.3,6.35,6.35,6.41,6.44,6.51,6.51,6.45,6.3,6.09,5.18,4.93,4.72,4.49,4.25,3.96,3.76,3.78,3.91,4.35,4.85,5.28,5.58,5.73,5.77,5.79,5.82,5.84,5.81,5.79,5.74,5.68,5.67,5.67,5.69,5.71,5.72,5.7,5.66,5.6
Belgium,0.434,0.533,0.916,1.11,1.07,0.833,0.711,0.544,0.431,0.244,0.324,0.53,0.45,0.447,0.418,0.306,0.341,0.303,0.291,0.304,0.159,0.0795,0.0966,0.101,0.129,0.133,0.181,0.41,0.455,0.386,0.459,0.49,0.473,0.389,0.289,0.272,0.317,0.288,0.3,0.308,0.403,0.505,0.475,0.488,0.604,0.712,0.787,0.841,0.854,0.963,1.35,0.667,0.517,0.489,0.623,0.55,0.428,0.496,0.581,0.62
Benin,7.47,7.53,7.59,7.64,7.68,7.74,7.77,7.8,7.79,7.78,7.75,7.74,7.71,7.71,7.7,7.71,7.67,7.65,6.95,5.14,5.16,5.18,5.2,5.21,5.22,5.22,5.21,5.25,5.33,5.45,5.56,5.11,4.36,4.28,4.14,3.99,3.87,3.8,3.79,3.82,3.85,4.04,4.31,4.27,4.2,4.14,4.09,4.05,4.02,4,3.99,3.98,3.96,3.95,3.94,3.92,3.91,3.89,3.87,3.84
Burkina Faso,3.36,3.34,3.37,3.43,3.48,3.56,3.65,3.68,3.73,3.73,3.72,3.77,3.78,3.81,3.87,6.86,8.96,9.02,9.06,9.14,9.19,9.24,9.27,9.26,9.2,6.55,4.46,4.47,4.48,4.5,4.51,4.52,4.53,4.54,4.55,4.57,5.78,6.72,6.72,6.72,6.69,6.68,6.66,6.66,6.65,6.65,5.91,5.34,5.32,5.29,5.27,5.24,5.2,5.17,5.13,5.09,5.03,4.98,4.94,4.89
Bangladesh,5.52,6.86,6.9,6.96,7.07,7.19,7.26,7.16,6.86,6.44,5.98,5.63,5.47,7.09,10.4,10.7,10.8,10.9,10.9,10.7,8.84,5.18,5.15,5.15,5.14,5.15,5.13,5.09,4.99,4.89,4.55,3.96,3.88,3.85,3.83,3.83,3.79,3.76,3.69,3.61,4.01,4.52,4.41,4.27,4.11,3.95,3.81,3.7,3.64,3.63,3.62,3.58,3.53,3.47,3.4,3.33,3.26,3.19,3.12,3.05
Bulgaria,5.39,5.2,5.01,4.89,4.67,3.83,3.27,3.29,3.28,3.11,2.56,2.43,2.44,2.54,2.31,2.09,2.05,1.61,1.6,1.84,1.14,1.09,1.04,1.01,0.762,0.605,0.68,0.64,−0.649,−1.29,−0.48,−0.567,−0.39,−0.003,−0.113,−0.184,−0.28,−0.341,−0.235,−0.171,−1.6,−1.65,−0.283,−0.249,−0.254,−0.268,−0.249,−0.22,−0.169,−0.188,−0.178,−0.116,−0.0975,−0.108,−0.179,−0.244,−0.274,−0.269,−0.253,−0.248
Bahrain,3.33,3.1,2.87,2.65,2.59,2.61,2.52,2.62,2.95,3.44,3.85,4.22,4.71,5.32,5.92,6.53,6.89,6.74,6.07,5.12,4.13,3.36,2.93,2.92,3.19,3.53,3.74,3.77,3.58,3.26,2.97,2.66,2.48,2.46,2.53,2.62,2.77,3.1,3.65,4.31,4.83,5.25,5.77,6.38,6.93,7.54,7.82,7.37,6.18,4.66,3.03,1.77,1.24,1.68,2.74,3.96,4.79,5.03,4.59,3.74
Bahamas,6.21,6.27,6.22,6.03,5.76,5.51,5.25,4.93,4.51,4.07,3.62,3.23,2.99,2.89,2.94,2.99,3.02,3.06,3.05,3.06,3.23,3.21,3.16,3.05,2.91,2.75,2.61,2.53,2.52,2.46,2.13,2.19,2.16,2.02,1.83,1.62,1.45,1.38,1.45,1.57,1.57,1.7,1.81,1.88,1.9,1.94,1.95,1.9,1.76,1.57,1.36,1.17,1.06,1.03,1.05,1.09,1.12,1.13,1.12,1.1
Bosnia and Herzegovina,5.27,5.69,5.61,5.46,5.24,5.03,4.83,4.69,4.61,4.58,4.41,3.94,3.89,3.82,3.73,3.62,3.52,3.46,3.45,3.47,3.07,1.9,1.88,1.87,1.83,1.87,1.85,1.53,0.82,−0.135,−1.3,−2.38,−2.95,−2.79,−2,−0.938,−0.00026,0.706,0.99,0.955,0.854,0.841,0.806,0.785,0.754,0.721,0.648,0.486,0.219,−0.116,−0.503,−0.85,−1.06,−1.03,−0.818,−0.536,−0.28,−0.0592,0.0943,0.194
Belarus,4.29,4.32,4.31,4.26,4,3.95,3.91,3.85,3.74,3.77,3.83,3.73,3.59,3.43,2.96,2.84,2.86,2.91,2.72,2.57,2.6,2.54,2.49,2.44,2.34,2.32,2.27,1.84,1.39,0.789,0.643,0.804,0.806,0.456,0.245,0.227,0.129,0.0718,0.183,0.233,0.178,0.0438,−0.0311,−0.0234,−0.0355,0.0242,0.167,0.271,0.38,0.501,0.505,0.583,0.677,0.736,0.794,0.745,0.573,0.433,−0.125,0.352
Belize,2.25,2.22,2.23,2.27,2.33,2.4,2.43,2.33,2.12,1.88,1.8,1.56,1.36,1.23,1.17,1.08,1.04,1.12,1.34,1.66,1.96,2.23,2.43,2.47,2.42,2.39,2.37,2.26,2.05,1.8,1.48,1.2,1.23,1.58,2.13,2.73,3.18,3.38,3.26,3.02,3.05,2.79,2.61,2.56,2.56,2.58,2.57,2.53,2.48,2.41,2.38,2.36,2.33,2.31,2.27,2.25,2.22,2.19,2.19,2.19
Bermuda,2.45,2.39,2.33,2.48,2.42,1.78,1.94,1.9,1.87,1.83,−0.73,−0.735,−0.741,−0.746,−0.752,0.377,0.375,0.374,0.372,1.6,0.693,0.722,0.864,0.878,0.838,0.847,0.811,0.857,0.843,0.821,−0.515,−0.724,0.536,0.694,0.716,0.639,0.61,0.735,0.56,0.89,1.08,0.651,0.654,0.653,0.647,0.574,0.564,0.592,0.555,−0.783,−0.864,0.362,0.313,0.211,0.152,−1.05,−1.06,0.072,−0.00939,−0.0157
Bolivia,2.75,2.77,2.78,2.8,2.82,2.84,2.85,2.87,2.89,2.91,2.92,2.94,2.94,2.95,2.96,2.96,4.18,4.53,4.45,4.37,4.27,4.19,4.13,4.1,4.08,4.07,4.05,4.02,3.98,3.94,3.9,3.8,3.03,3,2.97,2.93,2.9,2.86,2.82,2.78,2.74,2.64,2.59,2.55,2.5,2.46,2.42,2.38,2.35,2.32,2.29,2.26,2.14,2.06,2.02,1.98,1.95,1.92,1.9,1.88
Brazil,5.02,4.97,4.92,4.85,4.74,4.65,4.55,4.46,4.36,4.27,4.21,4.13,4.05,4,3.97,3.93,3.89,3.85,3.81,3.77,3.72,3.68,3.61,3.51,3.39,3.27,3.16,3.05,2.96,2.88,2.79,2.71,2.64,2.58,2.52,2.48,2.51,2.45,2.37,2.29,1.81,1.71,1.65,1.59,1.52,1.46,1.4,1.35,1.31,1.28,1.27,1.24,1.21,1.19,1.16,1.14,1.12,1.08,1.05,0.999
Barbados,0.513,0.587,0.63,0.606,0.548,0.48,0.441,0.44,0.5,0.703,1.19,1.28,1.32,1.32,1.3,1.25,1.21,1.18,1.12,0.893,−0.327,−0.382,−0.415,−0.423,−0.397,−0.371,−0.357,−0.342,−0.329,−0.384,−0.605,−0.613,−0.615,−0.608,−0.601,−0.597,−0.586,−0.59,−0.607,−0.567,−0.226,−0.25,−0.26,−0.248,−0.219,−0.179,−0.158,−0.157,−0.186,−0.24,−0.232,−0.214,−0.183,−0.136,−0.0762,−0.0146,0.0415,0.105,0.168,0.228
Brunei,8.73,8.48,8.29,8.2,8.14,8.1,8.01,7.91,7.75,7.6,7.41,5.08,4.71,4.56,4.38,4.2,4.05,3.88,3.7,3.53,3.35,3.2,3.1,3.06,3.06,3.07,3.06,3.06,3.07,3.07,3.08,3.58,3.59,3.49,3.37,3.24,3.11,2.99,2.9,2.81,2.72,2.51,2.38,2.24,2.07,1.9,1.76,1.67,1.65,1.7,1.76,1.8,1.8,1.76,1.68,1.59,1.53,1.46,1.41,1.36
Bhutan,7.77,7.78,7.82,7.93,8.09,8.23,8.38,8.44,8.45,8.41,8.38,8.34,8.3,8.29,8.29,8.3,8.25,8.2,8.06,7.9,7.67,7.49,7.4,7.49,7.61,7.86,7.98,7.76,7.14,6.28,5.33,4.54,4.15,4.34,4.93,5.65,6.18,6.53,6.58,6.4,6.21,6.06,5.88,5.65,5.26,3.71,3.49,3.34,3.3,3.33,3.38,3.37,3.34,3.28,3.21,3.13,3.05,2.97,2.88,2.79
Botswana,3.16,3.33,3.43,6.78,16.8,16.6,16.5,16.5,16.5,16.7,16.8,10.6,10.2,10.3,10.4,10.5,10.5,10.4,10.3,10.1,9.87,13.9,14.2,14,13.8,13.6,13.3,12.9,12.2,11.5,10.7,5.28,4.37,4.24,4.17,4.11,4.03,3.93,3.79,3.64,3.46,2.71,2.57,2.61,2.7,2.84,4.8,4.7,4.44,4.1,3.72,2.59,2.36,2.46,2.7,2.98,3.19,3.28,3.22,3.06
Central African Republic,4.8,4.84,4.89,4.97,5.01,5.08,5.12,5.29,5.13,4.93,4.7,4.53,4.45,4.53,4.69,3.83,3.11,3.29,3.49,3.67,3.88,4.04,4.03,3.82,3.49,3.1,2.81,2.7,2.45,2.42,2.74,2.99,3.11,3.09,2.98,2.84,2.73,2.64,2.57,2.51,2.43,2.35,2.27,2.22,2.23,2.28,2.3,2.21,1.98,1.67,1.32,1.05,0.955,1.11,1.44,1.83,2.16,2.45,2.65,2.79
Canada,2.88,3.04,3.01,3,2.89,2.89,2.49,2.29,2.03,2.05,3.52,1,1.06,1.24,1.3,1.17,1.22,1.05,1.04,1.34,1.3,1.4,1.2,1.15,1.12,1.19,1.34,1.32,1.82,1.53,1.29,1.53,1.44,1.43,1.37,1.4,1.49,1.32,1.29,1.4,1.5,1.19,1,1.03,1.04,1.12,1.2,1.31,1.36,1.33,1.17,1.14,1.11,1.05,0.797,1.18,1.26,1.49,1.5,1.19
Channel Islands,0.208,0.271,0.314,0.351,0.366,0.371,0.359,0.355,0.34,0.305,0.196,−0.169,−0.256,−0.397,−0.581,−0.792,−0.959,−1.03,−0.966,−0.803,−0.327,0.705,0.843,0.917,0.958,1.01,0.783,0.751,0.625,0.447,0.147,−0.217,−0.315,−0.278,−0.173,0.203,0.77,0.815,0.771,0.652,0.54,0.535,0.521,0.636,0.831,1.07,1.27,1.36,1.31,1.16,0.911,0.554,0.505,0.55,0.67,0.821,0.987,1.08,1.09,1.03
Switzerland,2.43,2.95,2.55,2.06,1.56,1.44,1.63,1.65,1.51,1.11,0.726,0.835,0.811,0.611,0.0291,−0.499,−0.266,0.0816,0.273,0.468,0.532,0.504,0.348,0.278,0.362,0.44,0.547,0.653,0.727,0.946,1.17,1.03,0.839,0.724,0.595,0.368,0.167,0.224,0.403,0.487,0.622,0.792,0.777,0.721,0.676,0.663,0.929,1.31,1.28,1.08,1.14,1.09,1.18,1.25,1.17,1.12,0.963,0.785,0.784,0.805
Chile,3.29,3.19,3.12,3.03,2.92,2.81,2.71,2.63,2.57,2.53,2.49,2.45,2.41,2.37,2.33,2.3,2.27,2.23,2.18,2.13,2.07,1.93,1.55,1.58,1.63,1.69,1.73,1.76,1.78,1.79,1.8,1.85,2.02,1.96,1.88,1.8,1.72,1.64,1.58,1.52,1.46,1.36,1.12,1.11,1.11,1.12,1.14,1.14,1.13,1.1,1.06,1.03,1.04,1.13,1.24,1.4,1.5,1.48,1.27,0.958
China,2.05,3.87,5.49,5.33,1.21,1.84,1.84,1.88,2.01,2.03,2.12,1.83,2.28,2.69,2.39,1.89,1.71,3.48,5.26,5.16,5.13,5.3,4.47,4.32,4.34,4.44,4.53,4.51,4.4,4.31,4.6,4.43,4.3,4.25,4.16,4.09,4.01,3.91,3.77,3.65,4.06,4.2,4.08,3.98,3.88,3.67,3.51,3.43,3.34,3.26,3.06,2.94,2.88,2.83,2.77,2.74,2.69,2.49,2.29,2.15
Cote d'Ivoire,10.3,10.4,10.4,10.3,10,6.49,6.41,6.44,6.59,6.82,7.05,7.21,7.29,7.29,7.5,8.74,8.6,8.48,5.05,5.01,4.97,4.91,4.82,4.7,4.57,4.42,4.3,4.32,4.56,4.55,4.54,4.51,4.45,4.36,4.24,4.14,4.03,3.88,3.74,3.56,3.34,3.17,3.05,3.02,3.04,3.08,3.11,3.15,3.18,3.23,3.27,3.31,3.35,3.37,3.4,3.42,3.44,3.45,3.45,3.45
Cameroon,5.94,5.99,6.02,6.05,6.06,6.08,6.11,6.13,6.13,6.15,8.71,8.66,8.58,8.53,8.47,7.78,5.59,5.61,5.63,5.65,5.65,5.65,5.65,5.64,5.62,5.61,5.35,4.65,4.59,4.51,4.44,4.37,4.29,4.22,4.14,4.07,4,3.96,3.94,3.94,3.94,3.95,3.95,3.96,3.96,3.96,3.96,3.96,3.94,3.93,3.91,3.88,3.86,3.82,3.79,3.76,3.72,3.68,3.63,3.59
"Congo, Dem. Rep.",3.52,3.55,3.58,3.64,3.71,3.78,3.83,3.85,3.82,3.77,3.69,3.64,3.62,3.65,3.71,3.78,3.83,3.82,3.74,3.61,3.49,3.41,3.37,3.42,4.04,4.1,4.16,4.3,4.52,4.79,5.08,5.3,5.28,5.02,4.61,4.17,3.82,3.65,3.69,3.88,4.08,4.24,4.37,4.43,4.48,4.52,4.57,4.6,4.63,4.64,4.66,4.66,4.65,4.64,4.62,4.6,4.57,4.54,4.5,4.45
"Congo, Rep.",4.66,4.7,4.73,4.76,4.78,4.81,4.82,4.85,4.86,4.88,4.9,4.9,4.89,4.96,5.06,5.02,4.97,4.93,4.89,4.87,4.83,4.8,4.75,4.69,4.1,3.59,3.55,3.52,3.51,3.51,3.51,3.52,3.52,3.54,3.56,3.59,3.7,3.71,3.7,3.68,3.64,3.61,3.64,3.75,3.9,4.06,4.17,4.16,4.01,3.77,3.51,3.31,3.18,3.15,3.18,3.24,3.26,3.27,3.24,3.2
Colombia,6.18,6.1,5.98,5.86,4.49,4.36,4.27,4.16,4.02,3.88,3.73,3.61,3.51,3.42,3.38,3.38,3.36,3.34,3.31,3.28,3.24,3.2,3.16,3.12,3.06,2.84,2.73,2.69,2.67,2.65,2.63,2.61,2.57,2.52,2.46,2.4,2.34,2.28,2.23,2.18,2.14,2.09,2.03,1.96,1.88,1.81,1.75,1.68,1.61,1.54,1.44,1.37,1.36,1.46,1.61,1.8,1.93,1.94,1.76,1.47
Comoros,7.73,7.67,7.64,7.66,7.69,7.78,3.94,4,3.99,3.93,3.81,3.77,3.88,4.2,4.64,5.12,5.45,5.6,5.48,5.19,4.98,4.76,4.62,4.6,4.66,4.72,4.75,4.76,4.75,4.73,4.71,3.17,2.74,2.7,2.64,2.59,2.54,2.48,2.42,2.36,2.31,2.26,2.22,2.22,2.28,2.35,2.41,2.47,2.53,2.6,2.66,2.71,2.76,2.79,2.81,2.83,2.85,2.87,2.89,2.91
Cape Verde,3.35,3.94,4.4,4.74,4.89,5.1,5.24,5.01,4.38,3.51,2.72,2.05,1.56,1.52,1.83,2.23,2.53,2.83,3.07,3.6,7.78,7.89,7.86,7.68,7.36,8.87,8.45,8.2,8.13,8.14,4.49,4.76,4.85,4.76,4.52,4.27,4.04,3.85,3.7,3.58,3.33,3.21,3.09,2.98,2.87,2.76,2.66,2.6,2.56,2.53,2.06,2.07,2.06,2.04,2,1.96,1.92,1.88,1.83,1.78
Costa Rica,3.94,3.92,4.23,5.22,5.05,4.89,4.74,4.59,4.44,4.31,4.18,4.07,3.91,3.31,3.35,3.41,3.45,3.48,3.5,3.51,3.52,3.53,3.53,3.58,4.69,4.63,4.57,4.52,4.48,4.46,4.43,4.38,4.32,4.24,4.15,4.07,3.97,3.84,3.67,3.49,4.07,3.84,3.65,3.51,3.39,3.29,3.19,3.09,2.98,2.88,2.78,2.65,2.52,2.4,2.29,2.19,2.08,1.98,1.88,1.78
Cuba,2.4,2.52,2.57,2.52,2.41,2.27,2.15,2.08,2.05,2.06,2.94,3.1,2.99,2.82,2.59,2.36,2.16,1.98,1.83,1.72,1.59,1.23,1.14,1.23,1.37,1.55,1.69,1.75,1.68,1.53,1.14,0.792,0.695,0.657,0.66,0.668,0.718,0.762,0.728,0.687,0.651,0.617,0.477,0.312,0.222,0.119,0.032,−0.00398,0.0289,0.112,0.217,0.302,0.287,0.258,0.203,0.135,0.0977,0.0681,0.0523,0.0496
Cayman Islands,1.94,1.45,0.954,0.969,0.852,0.88,0.873,1.4,2.23,3.45,4.75,5.55,6.15,6.38,6.29,6.25,6.14,5.84,5.33,4.56,3.93,3.38,3.21,3.58,4.19,4.84,5.31,5.58,5.36,5.19,4.76,4.58,4.52,4.88,5.23,5.75,5.95,5.84,5.32,4.55,3.78,3.17,2.78,2.7,2.8,2.94,3.01,2.93,2.72,2.41,2.1,1.86,1.63,1.52,1.42,1.36,1.3,1.24,1.2,1.18
Cyprus,2.13,1.59,1.4,1.47,1.74,2.07,2.33,2.52,2.56,2.51,2.45,2.41,3.37,6.26,6.07,5.91,5.71,5.45,5.09,4.68,4.22,3.85,1.69,1.19,1.51,1.87,2.19,2.43,2.59,2.68,2.75,2.82,2.53,2.4,2.34,2.27,2.19,2.13,2.07,2.02,1.96,1.61,1.48,1.47,1.48,1.51,1.52,1.45,1.3,1.1,0.877,0.688,0.59,0.576,0.624,0.692,0.741,0.77,0.772,0.754
Czech Republic,0.701,1.21,1.28,1.39,1.31,1.2,1.09,0.994,0.949,0.346,1.06,2.22,2.29,2.34,2.32,2.23,2.1,1.99,1.88,1.45,0.382,0.0997,0.0491,0.0231,0.0284,0.0109,0.0107,0.0384,0.0174,−0.306,−0.323,−0.0682,−0.0681,−0.136,−0.234,−0.291,−0.284,−0.271,−0.279,−0.459,−0.526,−0.285,−0.122,−0.0632,0.0446,0.177,0.488,0.735,0.474,0.197,0.111,0.156,0.16,0.233,0.323,0.319,0.408,0.493,0.568,0.442
Germany,1.21,0.97,1.02,0.896,0.942,0.923,0.546,0.533,0.882,0.42,0.264,0.557,0.394,0.118,−0.294,−0.35,−0.148,−0.01,0.123,0.286,0.351,0.0664,−0.268,−0.565,−0.542,−0.0836,0.455,0.614,0.742,1.06,0.935,0.884,0.844,0.636,0.581,0.575,0.428,0.296,0.342,0.412,0.441,0.439,0.324,0.245,0.208,0.149,0.127,0.0674,0.00225,0.1,−1.6,0.201,0.286,0.43,0.879,0.838,0.422,0.367,0.308,0.277
Djibouti,7.87,8.49,8.78,8.84,8.73,8.68,8.69,8.59,8.37,8.13,7.67,7.38,7.79,9,10.4,11.8,12.5,11.9,10.1,7.92,5.64,3.96,2.95,3.34,4.99,6.82,7.9,7.86,6.65,4.87,2.95,1.41,0.62,0.684,1.34,2.14,2.7,2.98,2.89,2.55,2.19,1.94,1.74,1.62,1.56,1.49,1.42,1.4,1.45,1.56,1.68,1.78,1.84,1.85,1.82,1.78,1.75,1.72,1.69,1.66
Dominica,1.85,1.71,1.68,1.76,1.92,2.09,2.25,2.14,1.87,1.84,2.69,2.22,1.97,2.04,2.29,2.68,2.92,2.96,2.71,2.25,2.18,3.16,2.73,2.47,2.33,2.15,2.01,1.97,2.04,2.19,2.14,0.376,0.519,0.455,0.219,−0.109,−0.348,−0.446,−0.375,−0.123,0.209,0.711,0.838,0.867,0.728,0.647,0.561,0.489,0.465,0.476,0.482,0.492,0.522,0.533,0.549,0.616,0.644,0.662,0.683,0.682
Denmark,1.68,1.68,1.67,1.66,1.61,1.54,1.49,1.29,1.22,1.4,1.32,1.18,1.2,1.05,0.853,0.802,0.657,0.651,0.581,0.451,0.201,0.0575,0.061,0.0771,0.169,0.261,0.253,0.174,0.185,0.24,0.293,0.362,0.365,0.369,0.553,0.598,0.447,0.395,0.361,0.351,0.417,0.437,0.401,0.499,0.614,0.61,0.67,0.812,0.728,0.607,0.598,0.589,0.589,0.642,0.839,0.913,0.774,0.629,0.495,0.43
Dominican Republic,6.35,6.36,6.28,6.18,6.07,5.97,5.86,5.76,5.64,5.54,5.43,5.33,5.21,5.11,5.01,4.91,4.81,4.71,4.6,4.5,4.39,3.43,2.66,2.62,2.58,2.54,2.5,2.46,2.43,2.41,2.39,2.36,2.33,3.07,3.23,3.15,3.06,2.99,2.92,2.86,2.8,2.74,3.35,3.53,3.41,3.3,3.18,3.08,2.97,2.88,2.66,2.49,2.42,2.35,2.29,2.22,2.16,2.07,1.97,1.88
Algeria,6.62,6.83,6.76,6.74,6.73,5.89,3.27,3.31,3.29,3.25,3.19,3.16,3.15,3.17,3.22,3.25,3.93,5,5.03,5.07,5.08,5.09,5.06,5,4.89,4.79,4.62,4.35,4.22,4.09,3.96,3.83,3.67,3.49,3.31,3.13,2.96,2.83,2.79,2.7,2.62,2.57,2.54,2.56,2.6,2.66,2.71,2.78,2.82,2.87,2.91,2.94,2.96,2.96,2.93,2.91,2.87,2.81,2.7,2.58
Ecuador,4.55,4.56,4.41,4.32,4.33,4.34,4.33,4.33,4.3,4.28,4.24,4.22,4.17,4.18,4.93,4.86,4.78,4.72,4.65,4.59,4.53,4.47,4.23,4.06,4.02,3.97,3.93,3.88,3.82,3.78,3.45,3.22,3.17,3.13,3.07,3.02,2.97,2.9,2.83,2.74,2.65,2.28,2.03,2,1.99,1.99,1.99,1.97,1.94,1.9,1.8,1.72,1.71,1.76,1.83,1.92,1.98,2,1.94,1.82
Egypt,3.79,3.61,3.57,3.55,3.52,3.5,3.48,3.43,3.34,3.25,3.15,3.08,3.03,3.03,3.05,3.08,2.63,2.36,2.41,2.47,2.52,2.57,2.61,2.66,2.69,2.73,2.53,2.37,2.26,2.12,1.97,1.83,1.74,1.7,1.7,1.7,1.96,2.1,2.08,2.04,2.01,1.99,1.97,1.94,1.91,1.88,1.76,1.73,1.82,1.94,2.07,2.09,2.14,2.13,2.08,2.02,2.03,2.03,2.04,2.04
Eritrea,5.69,5.75,5.79,5.79,5.76,5.75,5.73,3.92,3.94,3.97,4,4.03,4.05,4.05,4.06,4.06,4.04,4.06,4.1,4.15,4.16,4.13,4.13,4.51,6.64,6.69,6.66,6.35,5.67,4.81,3.9,3.14,2.65,2.55,2.79,3.05,3.3,3.84,4.68,5.69,6.74,7.56,7.86,7.57,6.91,6.2,5.62,5.12,3.55,3.3,3.04,,,,,,,,,
Spain,2.22,2.66,2.57,2.65,2.7,2.6,2.77,2.81,2.44,2.53,2.42,2.14,2.11,2.08,2.05,2,1.95,1.87,1.77,1.67,1.38,0.922,0.805,0.731,0.674,0.61,0.566,0.516,0.458,0.401,0.489,0.598,0.627,0.584,0.55,0.525,0.526,0.52,0.512,0.553,0.8,1.66,2.13,2.04,2,2,2.16,1.9,1.19,0.757,0.649,0.356,−0.0353,−0.00494,0.219,0.383,0.535,0.738,1.02,0.765
Estonia,2.44,2.65,2.66,2.7,2.59,2.29,1.98,2.09,2.19,2.09,2.06,1.94,1.76,1.65,1.56,1.47,1.48,1.42,1.09,0.911,1.01,1.02,0.987,0.952,0.963,1.04,1.07,0.912,0.433,−0.192,−0.762,−2.09,−2.84,−2.4,−2.05,−1.74,−1.41,−1.23,0.0216,0.232,−0.819,−0.816,−0.812,−0.782,−0.757,−0.776,−0.643,−0.455,−0.38,−0.417,−0.493,−0.345,−0.138,−0.0467,0.281,0.244,0.345,0.585,0.619,0.57
Ethiopia,5.64,5.71,5.75,5.78,5.78,5.76,5.72,4.45,4.54,4.67,4.83,4.95,4.86,4.55,4.12,3.64,3.26,3.15,3.36,3.78,4.27,4.67,4.95,5.08,5.14,5.13,5.15,5.19,5.26,5.36,5.46,5.51,5.49,5.38,4.78,4.45,4.31,4.22,4.17,4.16,4.14,4.14,4.11,4.09,4.05,4.03,4.1,5.16,5.15,5.17,5.19,5.2,5.09,5.05,4.99,4.94,4.87,4.83,4.78,4.73
Finland,2.55,2.16,2.16,1.98,1.73,1.74,1.88,1.76,1.23,0.879,1.4,1.89,1.83,1.76,1.65,1.48,1.42,1.4,1.34,1.37,1.54,1.72,1.72,1.62,1.47,1.32,1.22,1.2,1.24,1.3,1.14,0.918,0.834,0.777,0.722,0.649,0.596,0.561,0.524,0.496,0.453,0.406,0.402,0.452,0.503,0.543,0.583,0.623,0.634,0.865,1.11,1.1,0.795,0.472,0.388,0.346,0.293,0.199,0.185,0.248
Fiji,5.33,5.36,5.27,5.07,4.77,4.46,3.67,3.36,3.26,3.23,3.22,3.2,3.16,3.1,3.05,2.96,2.35,2.24,2.38,2.58,2.84,3.01,2.94,2.56,1.99,1.35,2.11,2.07,2.11,2.4,2.77,3.04,3.18,3.16,3.01,2.86,2.03,1.76,1.59,1.41,1.17,0.972,0.905,1.02,1.25,1.54,1.78,2.05,1.97,1.71,1.4,1.16,1.02,1.04,1.19,1.36,1.49,1.59,1.62,1.6
France,2.49,2.8,3.3,3.16,2.95,2.73,2.53,2.05,1.33,1.34,1.36,1.36,1.33,1.26,1.01,0.631,0.553,0.509,0.508,0.541,0.582,0.619,0.648,0.661,0.663,0.668,0.673,0.666,0.643,0.652,0.787,0.729,0.663,0.601,0.587,0.581,0.577,0.59,0.775,1.02,1.06,1.06,1.04,1.06,1.07,1.02,0.934,0.877,0.834,0.816,0.806,0.809,0.84,0.8,0.684,0.592,0.619,0.603,0.548,0.541
Faeroe Islands,4.77,4.9,4.85,4.8,4.7,4.18,2.61,2.61,2.59,2.7,2.79,2.81,2.82,2.74,2.69,2.64,2.56,1.11,0.672,0.653,0.612,0.587,0.59,0.652,0.691,0.786,0.871,0.787,0.419,0.784,1.49,1.47,1.23,1.3,1.71,2.18,1.88,1.51,1.3,1.99,2.84,2.75,2.24,1.71,1.62,1.04,0.551,0.476,0.463,0.456,0.418,0.391,0.455,0.468,0.516,0.578,0.644,0.713,0.752,0.795
"Micronesia, Fed. Sts.",4.24,4.14,4.15,4.33,4.47,4.76,4.88,4.68,4.01,3.13,2.13,1.34,1.02,0.881,1.51,2.4,3.08,3.6,3.79,3.83,3.24,3.13,3.04,2.87,2.64,2.36,2.08,1.95,1.98,2.1,2.28,2.35,2.19,1.77,−0.511,−1.68,−2.27,−2.68,−2.86,−2.19,−0.221,−0.134,−0.117,−0.26,−0.459,−0.745,−0.922,−0.883,−0.586,−0.0871,0.548,1.1,1.48,1.62,1.59,1.53,1.49,1.47,1.51,1.59
Gabon,6.19,7.75,7.79,7.86,7.92,8.02,8.07,8.05,7.88,7.67,8.2,7.95,7.71,7.57,7.47,7.38,7.26,7.13,6.98,6.83,6.65,4.93,4.9,4.88,4.84,4.81,4.77,4.93,4.83,4.73,4.62,4.52,4.4,3.89,3.76,3.69,3.62,3.55,3.47,3.4,3.34,3.3,3.31,3.39,3.5,3.6,3.68,3.81,3.97,4.14,4.31,4.42,4.38,4.17,3.87,3.54,3.27,3.05,2.9,2.81
Isle of Man,0.0749,0.712,1.21,1.64,1.93,2.08,1.79,1.87,1.81,1.63,1.15,0.00958,−0.141,−0.176,−0.131,0.33,1.57,1.49,1.22,0.815,0.355,−0.0273,−0.112,0.173,0.718,1.42,1.93,2.15,1.94,1.47,0.9,0.487,0.257,0.34,0.674,1.05,1.33,1.47,1.42,1.25,1.01,0.818,0.746,0.84,1.01,1.26,1.41,1.37,1.06,0.598,0.0725,−0.352,−0.556,−0.467,−0.147,0.264,0.595,0.799,0.892,0.83
United Kingdom,0.671,0.674,0.572,0.472,0.464,0.373,0.357,0.305,0.233,0.215,0.305,0.553,0.404,0.274,0.201,0.182,0.174,0.209,0.293,0.321,0.171,−0.0982,−0.0296,0.0958,0.163,0.168,0.149,0.158,0.196,0.235,0.273,0.347,0.316,0.333,0.341,0.331,0.333,0.368,0.409,0.434,0.512,0.798,0.834,0.934,1.05,1.09,1.13,1.13,1.1,1.12,1.11,1.02,0.993,1.06,1.11,1.07,0.989,0.912,0.868,0.865
Georgia,2.71,2.64,2.59,2.52,2.41,2.23,2.05,1.97,1.99,1.98,2.01,1.97,1.83,1.81,1.67,1.65,1.6,1.49,1.52,1.49,1.46,1.49,1.52,1.49,1.5,1.51,1.44,1.6,0.388,−0.46,0.268,0.336,0.33,−1.98,−4.2,−4.08,−3.66,−2.93,−2.51,−2.4,−2.01,−0.815,0.0637,0.113,0.0893,0.151,0.193,0.404,−0.188,−0.0338,−0.113,−0.0522,0.375,0.719,0.823,0.735,0.692,0.647,0.52,0.533
Ghana,5.48,5.52,5.46,5.3,5.06,4.81,4.6,4.5,4.53,4.19,3.43,3.56,3.56,3.39,3.14,2.85,2.64,2.58,2.74,3.02,3.33,3.57,3.73,4.19,5.11,5.03,4.97,4.93,4.89,4.88,4.88,4.85,4.79,4.7,4.58,4.47,4.36,4.29,4.24,4.16,3.97,3.95,3.94,3.95,3.96,3.98,3.99,3.97,3.91,3.84,3.76,3.68,3.61,3.56,3.51,3.46,3.42,3.36,3.31,3.26
Gibraltar,1.64,2.07,2.37,2.34,2.33,2.09,2.01,1.9,1.69,1.54,1.41,1.19,1.03,0.769,0.587,0.388,0.162,−0.0132,−0.172,−0.345,−0.554,−0.685,−0.733,−0.67,−0.455,−0.189,0.0619,0.172,0.0788,−0.13,−0.44,−0.612,−0.57,−0.262,0.29,0.978,1.49,1.82,1.92,1.8,1.67,1.55,1.42,1.14,0.883,0.594,0.311,0.137,−0.0238,0.0685,0.0685,0.134,0.122,0.0949,0.0474,−0.0119,−0.0445,−0.0237,−0.0267,−0.0445
Guinea,5.98,5.97,5.97,5.98,5.99,6,6,5.97,5.89,5.79,5.71,5.63,5.54,5.49,5.44,5.4,5.36,5.39,5.47,5.58,5.68,5.79,4.86,3.53,3.71,3.89,4.04,4.1,4.07,3.97,3.85,3.75,3.67,3.64,3.63,3.63,3.56,3.46,3.33,3.17,3,2.87,2.81,2.83,2.91,3.02,3.1,3.15,3.15,3.12,3.07,3.05,3.08,3.18,3.36,3.55,3.7,3.8,3.83,3.81
Gambia,3.65,3.62,4.59,8.28,8.38,8.5,8.6,8.66,8.64,8.61,8.56,8.53,8.04,6.22,6.27,6.34,6.39,6.4,6.33,6.23,6.06,5.96,6.13,6.75,7.18,7.64,7.94,7.96,7.64,7.15,6.63,6.22,5.79,5.2,5.17,5.14,5.09,5.06,5.04,5.04,5.04,5.04,4.94,4.6,4.52,4.44,4.37,4.33,4.3,4.31,4.31,4.3,4.28,4.24,4.2,4.15,4.1,4.05,3.99,3.94
Guinea-Bissau,2.14,2.05,2.04,2.14,2.3,2.47,2.61,2.72,2.8,2.86,2.94,3,2.9,2.58,2.14,1.62,1.21,1.09,2.22,6.88,7.42,7.88,8.15,8.16,7.97,7.77,7.6,7.46,7.35,7.28,7.19,4.95,3.32,3.26,3.17,3.07,3,2.97,3.01,3.08,3.17,3.24,3.3,3.35,3.38,3.41,3.44,3.48,3.51,3.56,3.6,3.63,3.64,3.62,3.58,3.54,3.5,3.46,3.41,3.37
Equatorial Guinea,3.69,1.66,1.77,2.06,2.41,2.92,3.22,2.92,1.86,0.333,−1.37,−2.84,−3.85,−4.04,−3.49,−2.78,−2.04,−0.694,1.29,3.57,5.95,7.72,8.29,10.4,9.11,7.75,6.73,6.07,5.84,5.93,6.05,6.09,6.13,6.21,7.81,7.86,7.88,7.88,7.81,7.72,7.6,7.51,7.45,7.44,7.44,7.45,7.4,7.31,7.16,6.99,6.8,6.61,5.08,4.94,4.8,4.65,4.49,4.34,4.2,4.06
Greece,1.71,2.15,1.9,1.86,1.93,2.17,2.21,2.02,1.7,1.54,1.57,1.42,1.21,1.12,1.68,2.28,2.01,2,1.94,1.67,1.48,0.894,0.859,0.773,0.66,0.601,0.604,0.631,0.787,1.32,1.44,0.934,0.757,0.668,0.635,0.607,0.658,0.72,0.548,0.573,0.79,0.9,0.764,0.767,0.804,0.803,0.751,0.755,0.744,0.602,0.319,−0.0787,−0.27,−0.219,−0.217,0.0201,0.231,0.221,0.311,0.355
Grenada,2.15,1.87,1.61,1.37,1.15,0.928,0.684,0.517,0.383,0.276,−0.0657,−0.0263,−0.128,−0.29,−0.533,−0.901,−1.16,−1.03,−0.35,0.699,1.96,2.9,3.2,2.67,1.64,0.382,−0.609,−1.17,−1.07,−0.474,0.366,1.44,1.81,1.83,1.65,1.42,1.26,1.15,1.09,1.1,1.01,0.366,0.335,0.313,0.283,0.25,0.217,0.243,0.296,0.397,0.508,0.651,0.742,0.788,0.809,0.808,0.806,0.817,0.835,0.848
Greenland,5.78,6.42,6.46,5.68,6.49,5.42,5.39,5.44,5.23,5.04,2.65,2.63,1.76,1.34,0.522,0.519,−0.151,0.113,1.32,1.7,2.07,1.46,1.63,1.62,1.41,1.02,1.56,1.73,1.34,0.966,0.239,−0.027,0.072,0.789,0.785,0.424,0.335,0.331,0.153,0.33,0.572,0.758,0.571,0.55,0.378,0.0953,−0.0148,−0.036,0.347,1.38,0.414,0.383,−0.165,−0.029,−0.0207,0.424,0.262,0.0144,0.631,0.516
Guatemala,4.99,4.98,4.94,4.68,3.76,3.71,3.64,3.57,3.48,3.39,3.32,3.25,3.2,3.15,3.11,3.09,3.1,3.14,3.23,3.33,3.42,3.5,3.54,3.56,3.57,3.57,3.57,3.57,3.55,3.53,3.47,3.41,3.33,3.26,3.22,3.17,3.11,3.12,3.12,3.18,3.14,3.03,2.86,2.77,2.71,2.66,2.61,2.55,2.5,2.46,2.43,2.39,2.39,2.38,2.37,2.35,2.34,2.34,2.31,2.29
Guam,4.11,4.33,4.44,4.44,4.36,4.26,4.18,4.09,4.02,5.72,10.3,9.1,8.02,7.08,6.26,5.56,4.97,4.46,4.04,3.32,1.95,1.95,1.97,1.95,1.95,1.91,1.88,1.86,1.87,2.06,2.62,2.61,2.53,2.39,2.17,1.96,1.75,1.54,1.33,1.08,0.799,0.604,0.457,0.341,0.3,0.256,0.226,0.219,0.221,0.227,0.252,0.282,0.357,0.459,0.612,0.764,0.901,0.988,0.999,0.969
Guyana,3.15,2.98,2.79,2.56,2.31,2.06,1.83,1.65,1.53,1.5,1.6,1.52,1.46,1.44,1.44,1.46,1.46,1.37,1.16,0.773,−0.0997,−0.362,−0.592,−0.783,−0.921,−1.08,−1.22,−1.21,−0.979,−0.609,−0.147,0.249,0.435,0.325,0.0108,−0.371,−0.679,−0.86,−0.854,−0.702,−0.51,−0.364,−0.695,−0.782,−0.81,−0.843,−0.851,−0.829,−0.754,−0.65,−0.536,0.445,0.514,0.59,0.633,0.666,0.71,0.744,0.794,0.845
"Hong Kong, China",3.07,4.57,3.77,2.74,2.95,1.2,2.83,2.42,1.89,2.72,2.51,2.41,3.29,3.62,2.34,1.68,1.85,2.2,5.84,3.03,2.69,1.87,1.83,1.28,1.36,2.66,3.74,2.33,1.83,0.747,1.15,0.987,1.74,2.25,1.98,4.44,0.833,0.835,0.955,0.882,0.737,0.443,−0.197,0.78,0.437,0.642,0.86,0.598,0.215,0.734,0.673,1.1,0.402,0.702,0.851,0.619,0.748,0.799,0.754,−0.342
Honduras,5.27,5.25,5.24,5.25,5.25,5.28,5.29,5.29,5.28,5.26,5.24,5.22,5.21,5.05,4.72,4.73,4.74,4.74,4.73,4.7,4.68,4.65,4.62,4.59,4.54,4.51,4.47,4.39,4.13,4.1,4.06,4.03,4,4.01,4.01,4.02,4.02,3.99,3.93,3.85,3.77,3.99,3.92,3.84,3.75,3.67,3.59,3.5,3.4,3.3,3.2,3.12,3.04,2.98,2.93,2.89,2.84,2.79,2.74,2.7
Croatia,3.55,3.75,3.7,3.61,3.57,3.57,3.48,3.4,3.32,3.16,2.82,2.05,2.03,2.03,2.03,2.07,2.04,1.97,1.78,1.57,1.52,1.22,1.24,1.19,1.16,1.13,1.09,1.03,0.944,0.9,−1.24,−2,0.982,1.56,−0.247,−0.933,−0.0508,0.372,0.00125,−0.555,−3.45,0.372,0.342,0.339,0.439,0.332,0.286,0.295,0.201,0.0782,−0.0429,0.0264,0.0811,−0.0186,−0.41,−0.258,−0.734,−0.401,−0.0375,0.0968
Haiti,4.36,4.35,4.33,4.32,4.29,4.29,4.27,4.23,4.17,4.1,4.02,2.17,1.8,1.85,1.93,2.02,2.1,2.18,2.26,2.34,2.41,2.47,6.01,6.63,6.51,6.39,6.27,6.16,6.05,5.96,5.87,5.78,3.81,3.76,3.72,3.68,3.57,3.53,3.49,3.45,6.23,6.1,5.95,4.15,3.9,3.85,3.8,3.75,3.68,3.62,3.55,3.49,3.42,3.35,3.27,3.17,3.07,2.97,2.89,2.81
Hungary,1.21,1.07,1,1.05,1,1.02,1.08,1.09,1.12,1.08,0.994,0.999,1.01,1.13,1.27,1.22,1.13,0.999,0.829,0.53,0.288,0.222,0.13,0.0791,0.0951,0.104,0.106,0.12,−0.818,−0.991,−0.196,−0.231,−0.306,−0.33,−0.332,−0.365,−0.397,−0.428,−0.479,−0.456,−0.0824,0.349,0.339,0.398,0.51,0.64,0.628,0.596,0.603,0.431,0.363,−0.0561,0.119,0.122,0.15,0.0998,0.133,0.279,0.365,0.196
Indonesia,4.24,4.24,4.25,4.26,4.27,4.28,4.29,4.27,4.26,4.23,4.21,5.14,5.37,5.33,5.28,5.22,5.15,5.11,5.06,5.02,5.51,5.72,5.64,5.54,5.41,5.29,5.18,5.07,4.97,4.88,5.05,5.08,4.97,4.87,4.76,4.66,4.55,4.46,4.38,4.3,3.21,3.18,3.14,3.11,3.08,3.05,3.01,2.99,2.97,2.91,2.7,2.69,2.66,2.61,2.55,2.48,2.41,2.35,2.28,2.23
India,2.6,3.06,3.08,3.1,3.1,3.1,3.11,3.13,3.16,3.21,3.42,3.94,3.95,3.96,3.93,3.91,3.89,3.88,3.88,3.89,3.7,3.31,3.3,3.27,3.23,3.19,3.15,3.11,3.07,3.03,2.94,2.8,2.76,2.73,2.7,2.68,2.65,2.62,2.58,2.54,2.63,2.85,2.81,2.77,2.72,2.68,2.64,2.6,2.53,2.47,2.4,2.37,2.34,2.33,2.32,2.32,2.32,2.31,2.3,2.3
Ireland,0.313,0.873,1.04,0.943,0.83,1.27,2.92,2.85,2.92,3.13,3.09,2.14,2.25,2.3,2.28,2.14,1.98,2.04,1.95,1.77,1.71,1.23,0.997,0.905,0.445,0.315,0.233,−0.207,−0.174,0.304,0.828,1.07,0.881,0.774,0.89,1.18,1.42,1.46,1.55,1.75,2,2.11,2.09,2.29,2.63,3.13,3.22,2.37,1.34,0.87,0.76,0.747,0.847,1.05,1.26,1.45,1.42,1.59,1.74,1.61
Iran,4.5,4.5,4.49,4.48,4.47,4.48,4.78,4.94,4.89,4.85,4.81,4.8,4.81,4.87,4.94,5.01,4.83,4.82,5.01,5.23,5.41,5.53,5.57,5.54,5.43,5.33,4.92,4.6,4.2,3.73,3.25,3.27,3.08,2.9,2.83,2.78,2.59,2.5,2.45,2.4,2.36,2.34,2.31,2.26,2.19,2.13,2.01,1.95,1.95,1.97,1.99,1.98,1.99,2.02,2.04,2.07,2.08,2.06,2.01,1.93
Iraq,6.03,6.05,6.08,6.15,6.2,5.61,5.42,5.45,5.41,5.32,5.22,5.12,5.04,4.98,4.93,4.88,4.81,4.36,4.1,3.96,3.83,3.71,3.59,3.45,3.3,3.16,3.05,2.24,2.02,2.2,2.4,2.56,2.69,2.77,2.8,2.82,2.84,3.07,3.14,3.08,3.06,3.02,2.9,2.66,2.36,2.01,1.75,1.76,2.13,2.8,3.49,3.96,4.13,3.95,3.55,3.12,2.8,2.6,2.54,2.6
Iceland,2.57,2.46,2.37,2.36,2.3,2.24,2.15,1.89,1.43,1.02,1.24,1.89,1.92,1.76,1.67,1.38,1.12,1.14,1.33,1.41,1.45,1.64,1.62,1.35,1.07,1.01,1.36,1.83,1.49,1.03,1.36,1.45,1.21,1.06,0.728,0.722,0.996,1.25,1.37,1.51,1.47,1.03,0.829,1.01,1.71,2.48,2.66,1.98,0.465,−0.0766,0.319,0.546,0.981,1.15,1.08,1.43,2.39,2.72,2.24,1.66
Israel,4.77,5.81,4.63,4.87,4.37,3.39,5.14,2.88,3.36,4.05,3.85,3.2,4.56,3.48,2.77,2.7,2.69,2.55,3,2.82,2.39,2.27,2.18,1.43,1.89,1.67,1.74,1.77,1.81,3.21,6.13,3.57,2.77,2.7,2.78,2.7,2.57,2.36,2.62,2.71,2.43,2.08,1.87,1.84,1.83,1.84,1.84,1.84,2.46,1.9,1.92,1.92,1.94,2,2.06,2.04,2.03,2.02,2,1.88
Italy,1.5,1.51,1.55,1.64,1.64,1.57,1.5,1.4,1.33,1.28,1.21,1.01,0.988,0.962,0.904,0.805,0.728,0.657,0.589,0.504,0.415,0.147,0.00639,−0.00756,−0.00102,−0.0245,−0.0197,0.0184,0.045,0.0537,0.0393,0.122,0.151,0.11,0.0913,0.118,0.142,0.118,0.106,0.135,0.145,0.297,0.621,0.823,0.666,0.475,0.679,0.836,0.627,0.48,0.343,0.62,1.59,1.34,0.326,0.246,0.263,0.228,−0.731,0.134
Jamaica,3.52,3.65,3.7,3.65,3.52,3.38,3.27,3.22,3.24,3.17,2.8,2.88,2.9,2.83,2.71,2.57,2.44,2.4,2.46,2.58,2.73,2.78,2.1,1.94,1.68,1.39,1.15,1.01,1,1.09,1.23,1.37,1.43,1.46,1.45,1.45,1.45,1.43,1.37,1.3,1.21,1.06,0.97,0.931,0.901,0.878,0.851,0.842,0.849,0.868,0.896,0.945,0.984,1,1.01,1.01,1.01,1.01,1.01,1.02
Jordan,7.26,5.22,4.5,5.5,6.9,8.3,9.1,9.04,8.13,6.83,5.58,4.64,3.96,3.58,3.44,3.31,3.18,3.22,3.43,4.96,5.95,6.21,6.32,6.26,6.09,5.85,5.66,5.7,6.01,6.43,6.89,7.12,6.91,6.22,4.57,3.11,2.43,1.97,1.78,1.8,1.85,1.92,2.18,2.67,4.74,5.69,6.02,6.29,6.48,6.56,6.63,6.58,6.23,5.56,4.11,3.33,2.66,2.07,1.61,1.23
Japan,2.37,2.37,2.42,2.41,2.4,2.14,2.21,2.27,2.3,2.24,3.29,2.48,2.45,2.34,2.26,1.37,1.04,0.986,0.923,0.863,0.857,0.838,0.839,0.792,0.768,0.693,0.647,0.58,0.562,0.495,0.566,0.548,0.499,0.453,0.408,0.392,0.401,0.433,0.342,0.328,1.93,2.28,2.09,1.75,1.58,1.38,1.29,1.13,0.977,0.928,0.0974,−0.073,−0.0587,−0.0472,−0.0218,−0.0321,−0.0792,−0.114,−0.12,−0.249
Kazakhstan,5.32,5.08,4.78,4.41,4.21,3.79,3.42,3.14,2.99,2.82,2.65,2.61,2.54,2.42,1.79,1.65,1.53,1.47,1.63,1.86,1.9,1.93,1.95,1.96,1.37,1.38,1.37,1.23,0.296,0.443,0.471,−0.241,−0.518,−1.61,−2.02,−1.48,−1.54,−1.69,−0.885,−0.17,−0.04,0.134,0.466,0.824,1.02,1.19,1.27,2,2.11,1.54,1.56,1.54,1.57,1.6,1.59,1.55,1.49,1.47,1.48,1.52
Kenya,5.84,5.89,6.54,6.67,6.67,6.71,6.74,6.77,6.81,7.94,8.16,8.2,8.21,8.22,8.22,8.22,8.19,8.18,8.17,5.02,4.49,4.49,4.47,4.43,4.37,4.31,4.24,4.17,4.09,4.97,5.05,4.97,4.88,4.79,4.71,4.63,4.55,4.5,4.46,4.48,4.46,4.44,4.43,4.43,4.44,4.45,4.46,4.45,4.42,4.38,4.37,4.35,4.32,4.27,4.21,4.15,4.09,4.05,4.02,4.01
Kyrgyz Republic,4.74,4.34,4.34,4.28,4.02,4.08,3.95,3.87,3.6,2.9,2.47,2.54,2.48,2.58,2.48,2.37,2.3,2.21,1.99,1.7,1.74,1.84,1.95,1.88,1.74,1.76,1.77,1.63,1.67,1.17,0.873,0.385,−0.74,−0.81,0.22,0.698,0.676,0.746,0.91,1.19,0.943,0.915,1.04,1.21,1.12,1.07,0.948,0.945,1.2,1.26,1.35,1.87,2.25,2.34,2.46,2.5,2.46,2.59,2.75,2.8
Cambodia,2.68,3,4.12,3.92,3.68,3.36,11,10.8,10.7,10.8,17.9,17.6,16.7,15.1,−187,5.78,4.46,3.91,4.55,48.9,26.1,4.73,5.78,6.04,5.74,5.35,5.14,5.06,5.16,5.4,5.61,5.7,5.69,5.56,5.36,5.15,4.94,4.26,3.06,2.86,2.66,2.48,2.33,2.24,2.19,2.15,2.11,2.29,3.32,3.35,3.39,3.42,3.43,3.42,3.37,3.33,3.28,3.25,3.21,3.18
Kiribati,6.27,6.21,6.15,6.04,5.92,5.76,5.64,5.51,6.35,6.91,6.73,6.54,6.39,4.82,3.63,3.65,3.66,3.64,2.86,2.18,2.11,2.07,2.15,2.38,2.73,3.19,3.47,3.55,3.36,2.99,2.59,2.24,2.05,2.05,2.15,4.16,5.2,5.21,5.15,5.07,2.88,1.73,1.79,1.9,2.04,3.26,4.18,4.14,4,3.76,3.5,3.28,3.13,3.06,3.05,3.03,2.97,2.95,2.94,2.93
St. Kitts and Nevis,2.24,1.75,1.35,0.986,0.701,0.381,0.105,−0.0131,0.183,0.255,−0.36,0.131,0.483,0.552,0.394,0.213,0.0643,−0.045,−0.0772,−0.193,−0.907,−0.896,−0.964,−1.02,−1.13,−1.31,−1.42,−1.37,−1.05,−0.594,−0.0933,0.208,0.543,0.597,0.537,0.373,0.344,0.294,0.348,0.486,0.614,0.822,0.836,0.809,0.695,0.578,0.469,0.408,0.426,0.392,0.429,0.498,0.579,0.627,0.655,0.707,0.727,0.778,0.827,0.82
South Korea,5.89,6.07,5.95,5.74,5.62,5.55,7.09,7.54,7.32,7.09,5.73,5.21,5.01,4.87,4.76,5.05,5.03,4.88,4.75,4.67,4.49,4.34,4.16,3.81,3.44,3.74,3.77,3.61,3.46,3.31,2.51,2.16,2.1,2.05,2.02,1.49,1.25,1.03,1.01,1.13,1.17,1.03,0.957,0.829,0.635,0.75,0.631,0.884,0.639,0.622,0.753,0.438,0.367,0.54,0.438,0.309,0.209,0.421,0.163,0.118
Kuwait,12.3,12.7,12.7,12.3,11.9,12.1,11.5,10.8,9.93,9.01,7.94,7.32,6.93,6.78,6.95,7.6,7.36,7.07,6.71,6.35,5.97,5.41,5.14,5.19,5.27,5.45,5.67,4.84,2.82,0.137,−3.09,,,,,1.53,5.2,7.01,6.53,4.82,3.72,1.68,1.15,1.78,3.12,4.46,5.35,5.89,6.03,5.88,5.72,5.55,5.17,4.56,3.84,3.11,2.48,1.98,1.67,1.5
Lao,3.23,3.24,3.25,3.26,3.28,3.27,5.76,5.79,5.85,5.95,6.08,6.16,5.62,4.67,4.23,3.77,3.39,3.26,3.41,3.78,4.16,4.5,4.75,4.9,4.99,5.09,5.14,5.15,5.12,5.07,5.01,4.93,4.81,4.66,5.37,6.95,6.73,6.54,6.39,6.26,6.12,6,5.91,5.87,5.1,3.67,3.7,3.71,3.67,3.6,3.53,3.47,3.42,3.41,3.41,3.42,3.41,3.38,3.33,3.26
Lebanon,7.18,7.02,6.75,6.38,5.93,5.43,4.99,4.75,4.76,4.93,5.06,5.13,4.97,4.45,3.7,2.88,2.19,1.73,1.57,1.66,1.86,2.03,2.11,2.04,1.88,1.63,1.49,1.79,1.98,3.2,4.57,5.56,5.78,5.13,4,2.68,1.69,1.32,1.59,2.64,3.92,4.82,4.96,4.19,2.95,1.45,0.319,0.108,1.17,3.04,5.08,6.43,6.73,5.9,4.43,2.92,1.74,0.771,0.132,−0.254
Liberia,5.57,5.56,5.55,5.56,5.57,5.58,5.59,5.62,5.63,5.67,5.7,5.73,5.75,5.79,5.85,5.81,5.74,5.77,5.9,6.07,6.28,6.37,6.06,6.82,7.78,6.51,5.41,4.48,3.78,3.36,2.81,−7.18,−6.88,−5.5,−3.48,−1.23,8.18,8.69,7.77,6.14,4.4,3.14,2.48,2.64,3.35,4.14,4.65,4.87,4.73,4.36,3.98,3.71,3.51,3.42,3.41,3.4,3.36,3.34,3.33,3.32
Libya,6.52,6.57,6.65,6.74,12.3,12.6,12.3,12,11.6,11.2,10.8,10.4,9.93,7.1,6.67,6.46,6.24,6.08,5.98,5.9,5.83,5.72,5.53,5.25,3.53,3.14,2.91,2.73,2.61,2.53,2.47,2.39,2.29,2.15,1.99,1.82,1.7,1.63,1.63,1.68,1.73,1.77,1.79,1.78,1.75,1.73,1.72,1.65,1.5,1.31,1.09,0.911,0.859,0.978,1.21,1.48,1.7,1.83,1.83,1.74
St. Lucia,2.22,2.38,2.51,2.6,2.66,2.71,2.75,2.73,2.61,2.43,2.23,2.06,1.99,2.05,2.19,2.35,2.48,2.54,2.55,2.47,2.37,2.31,2.32,2.41,2.57,2.73,2.87,2.89,2.79,2.62,2.18,0.559,0.463,0.468,0.534,0.632,0.691,0.684,0.574,0.414,−0.17,−3.49,−3.61,−3.59,−3.46,−3.31,−3.2,−3.22,−3.38,−2.97,0.828,0.634,0.539,0.566,0.638,0.733,0.802,0.869,0.903,0.92
Liechtenstein,1.76,1.33,1.34,1.44,1.5,1.67,1.64,1.69,1.51,1.31,1.64,1.91,1.73,1.82,1.88,2.05,2.1,2.03,1.91,1.56,0.863,0.356,0.188,0.0834,0.167,0.166,0.228,0.269,0.309,0.391,0.654,0.812,0.946,0.917,1.01,0.353,−0.333,−0.354,−0.454,−0.576,−0.0398,0.636,0.474,0.413,0.411,0.371,0.311,0.329,0.348,0.366,0.479,0.553,0.663,0.603,0.599,0.503,0.482,0.461,0.495,0.62
Sri Lanka,3.35,3.32,3.31,2.93,2.94,2.96,2.97,2.94,2.86,2.75,2.64,2.53,2.46,2.43,2.42,2.41,2.4,2.36,2.3,2.21,1.93,1.4,1.35,1.33,1.33,1.34,1.34,1.31,1.26,1.19,1.12,1.05,0.973,0.855,0.736,0.593,0.481,0.419,0.449,0.524,0.63,0.707,0.762,0.763,0.723,0.688,0.651,0.631,0.614,0.597,0.59,0.0474,0.791,1.04,1.13,1.41,1.53,1.55,1.2,1.22
Lesotho,13.9,13.9,13.8,13.8,13.8,12.5,7.12,7.15,7.16,7.17,7.16,7,6.81,6.93,7.04,6.33,3.42,3.46,3.44,3.37,3.29,3.21,3.12,3.04,2.94,3.6,6.22,6.15,6.14,6.17,6.18,6.16,6.09,5.97,5.81,5.43,4.41,4.16,3.77,3.29,2.76,2.32,2.02,1.96,2.06,2.22,1.95,2.1,2.22,2.33,2.45,2.1,2.2,2.26,2.28,2.28,2.29,2.31,2.32,2.33
Lithuania,4.07,3.82,3.62,3.59,3.52,3.48,3.42,3.3,3.05,3.13,3.57,3.51,3.32,3.21,3.09,3,2.9,2.79,2.24,1.76,1.86,1.96,2.04,2.04,2.04,2.12,2.17,2.17,1.33,0.281,0.0813,−0.196,−0.563,−0.782,−0.859,−0.85,−0.826,−0.814,−0.799,−0.793,−0.924,−0.939,−0.949,−1.26,−1.64,−1.49,−1.08,−0.922,−1.12,−2.22,−2.28,−1.16,−0.83,−0.678,−0.759,−1.07,−1.18,−0.713,−0.00496,0.301
Luxembourg,1.44,1.96,1.76,1.83,1.83,1.4,1,0.916,1.14,1.13,1.68,2.03,1.89,2.08,1.85,1.23,0.889,0.877,0.913,1.02,0.796,0.153,0.0961,0.172,0.263,0.518,0.716,0.795,1.04,1.32,1.57,1.82,1.75,2.12,1.9,1.28,1.2,1.38,2.02,2.26,1.93,1.58,1.73,1.93,2.02,2.07,2,2.23,2.28,2.24,2.63,2.79,2.67,2.7,2.69,2.47,2.73,2.21,2.23,2.21
Latvia,2.98,2.81,2.78,2.76,2.52,2.13,2.13,2.29,2.13,1.95,1.91,1.92,1.93,1.96,1.83,1.64,1.58,1.51,1.14,0.841,0.82,0.879,1,1.04,1.06,1.14,1.26,1.26,0.636,−0.0705,−0.544,−1.88,−2.05,−1.53,−1.65,−1.27,−1.07,−1.16,−1.15,−1.19,−1.46,−1.31,−1.04,−0.944,−0.933,−0.966,−0.915,−1.15,−1.68,−2.04,−1.78,−1.2,−1.03,−0.902,−0.777,−0.854,−0.807,−0.681,−0.578,−0.507
"Macao, China",1.62,3.54,4.7,5.15,5.08,4.98,4.87,4.38,3.47,2.36,1.21,0.205,−0.556,−0.913,−0.938,−0.917,−0.874,−0.506,0.231,1.23,2.33,3.38,4.01,4.29,4.3,4.29,4.26,4.08,3.74,3.31,2.85,2.46,2.18,2.06,2.04,2.09,2.03,2.04,2.12,2.22,2.35,2.46,2.5,2.46,2.36,2.24,2.14,2.1,2.14,2.22,2.32,2.37,2.34,2.2,1.99,1.77,1.58,1.44,1.39,1.38
Morocco,4.71,4.63,4.52,4.41,4.26,4.14,4.02,3.91,3.82,3.75,3.68,3.97,3.96,3.97,4.01,4.05,4.08,4.11,4.12,4.13,4.13,4.12,4.06,3.97,3.84,3.71,3.58,3.48,3.4,3.35,3.3,3.24,3.16,3.05,2.3,2.07,1.97,1.9,1.84,1.8,1.76,1.73,1.71,1.71,2.09,2.17,2.18,2.2,2.23,2.27,2.31,2.35,2.35,2.33,2.28,2.23,2.18,2.13,2.08,2.05
Monaco,1.56,1,0.528,0.306,0.228,0.0558,−0.0429,0.0129,0.227,0.594,0.991,1.37,1.63,1.56,1.5,1.26,1.12,1.08,1.15,1.36,1.52,1.72,1.64,1.48,1.13,0.739,0.364,0.26,0.263,0.422,0.664,0.773,0.953,0.961,0.965,0.875,0.858,0.911,0.89,0.975,1.01,1.01,1.03,1.07,1.02,1.02,0.975,0.969,1.04,1.09,1.16,1.2,1.2,1.13,1.07,0.916,0.842,0.753,0.734,0.708
Moldova,5.69,5.53,5.34,5.19,5,4.83,4.66,4.5,4.43,4.17,3.9,3.88,3.8,3.69,3.49,3.36,3.16,3.09,2.89,2.75,2.8,2.83,2.83,2.8,2.7,2.62,2.56,2.42,1.36,0.206,0.0171,−0.148,−0.337,−0.5,−0.605,−0.404,−1.25,−0.924,−1.05,−1.1,−1.12,−1.14,−1.2,−1.17,−0.745,−0.35,−0.304,−0.263,−0.199,−0.173,−0.131,−0.0859,−0.0996,−0.134,−0.802,−1.1,−1.58,−1.55,−1.45,−1.43
Madagascar,5.45,5.47,5.5,5.52,5.52,5.49,5.12,5.15,5.16,5.19,5.7,5.73,5.73,5.73,5.71,5.38,5.38,5.38,5.37,5.37,5.36,5.35,5.33,5.3,5.26,5.23,5.2,5.2,5.19,5.23,5.24,5.26,5.28,4.16,4.09,4.13,4.16,4.16,4.15,4.11,4.08,4.04,4,3.97,5.07,5.02,4.97,4.92,4.86,4.81,4.75,4.7,4.65,4.62,4.58,4.55,4.52,4.48,4.44,4.4
Maldives,3.19,3.27,3.24,3.18,2.98,1.75,1.71,3.79,3.99,4.38,10.8,10.9,11,10.8,10.5,10.2,9.92,7.81,5.93,6.14,6.35,6.49,6.56,6.51,5.72,3.79,3.69,3.58,3.46,3.16,2.66,2.56,2.39,2.19,2.42,3.39,3.2,3.15,3.28,4.21,6.52,6.73,6.8,6.68,6.45,5.48,3.48,3.6,4,4.57,5.09,5.43,5.63,5.68,5.58,5.52,5.39,4.9,3.99,2.85
Mexico,4.75,4.72,4.69,4.66,4.64,4.61,4.58,4.54,4.49,4.4,4.3,4.25,4.17,4.08,3.97,3.86,3.76,3.67,3.58,3.5,3.2,3.13,3.07,2.99,2.92,2.84,2.77,2.7,2.64,2.54,2.41,2.36,2.3,2.24,2.18,2.02,1.91,1.86,1.82,1.82,1.84,1.8,1.78,1.8,1.82,1.86,1.88,1.89,1.86,1.82,1.77,1.73,1.69,1.65,1.61,1.57,1.53,1.49,1.45,1.41
Marshall Islands,6.36,6.92,7.18,7.21,6.82,6.51,6.33,8.72,8.69,8.93,9.14,9.22,9.05,4.35,3.43,2.95,2.67,2.51,2.73,3.05,5.09,5.77,5.85,5.99,5.97,6.02,5.95,5.64,4.62,3.62,2.9,2.23,1.69,1.27,0.973,0.634,0.348,0.291,0.626,1.44,2.04,2.59,2.8,2.59,2.13,1.61,1.19,0.887,0.816,0.838,0.924,0.951,0.989,1.02,1.02,1.03,1.1,1.13,1.15,1.17
North Macedonia,4.72,4.8,4.76,4.77,4.77,4.81,4.82,4.74,4.53,4.26,3.53,2.08,1.98,2.04,2.19,2.39,2.51,2.54,2.42,2.21,1.9,1.48,1.32,1.2,1.12,1.06,0.982,0.9,0.799,0.69,0.621,0.673,0.659,0.728,−0.269,−0.0368,0.158,0.271,0.258,0.158,0.0358,−0.0614,−0.141,−0.187,−0.154,−0.121,−0.0974,−0.0635,−0.0183,0.0334,0.0896,0.144,0.198,0.248,0.291,0.337,0.381,0.418,0.446,0.466
Mali,3.74,3.72,3.72,3.74,3.76,3.79,3.8,3.87,3.94,4.02,4.12,4.21,4.26,4.28,4.26,4.22,4.3,4.39,4.45,4.52,4.61,4.69,4.66,4.52,4.3,4.05,3.75,3.2,3.36,3.66,4,4.27,4.44,4.48,4.43,4.37,4.33,4.53,5.25,5.35,5.43,5.5,5.56,5.61,5.63,5.67,5.69,5.66,5.55,5.4,5.24,5.1,5,4.96,4.94,4.94,4.92,4.88,4.82,4.75
Malta,−0.466,−0.483,−0.484,−0.473,−0.834,−1.2,−1.23,−1.2,−1.17,−0.534,0.0265,−0.0737,−0.0726,−0.0575,0.743,0.519,0.4,1.05,1.02,1.06,0.745,2.15,1.42,0.031,1.77,1.76,0.823,0.953,1.1,1.11,2.82,1.16,1.12,1.06,0.819,0.915,1.1,0.978,0.911,0.952,1.05,1.03,0.932,0.936,0.892,0.513,0.427,0.727,0.831,0.567,0.497,0.974,1.48,2.07,2.46,2.36,2.81,3.56,4,4.19
Myanmar,3.91,3.91,3.92,3.95,3.98,4.02,4.04,4.05,4.05,4.03,4.01,3.99,3.56,2.34,2.33,2.32,2.29,2.27,2.25,2.24,2.21,2.19,2.3,2.74,2.65,2.58,2.51,2.41,2.29,2.16,2.02,1.9,1.83,1.83,1.87,1.93,1.96,1.97,1.91,1.84,1.75,1.68,1.6,1.53,1.46,1.38,1.31,1.28,1.3,1.35,1.42,1.48,1.5,1.48,1.46,1.44,1.43,1.45,1.51,1.6
Montenegro,5.9,6,5.8,5.25,4.46,3.57,2.83,2.46,2.63,3.22,3.95,4.54,4.87,4.85,4.58,4.24,3.99,3.84,3.85,3.95,4.08,4.14,4.06,3.81,3.43,3.02,2.66,2.41,2.34,2.39,2.44,2.35,2.34,2.23,2.04,1.83,1.65,1.55,1.53,1.59,2.12,2.08,2.04,1.08,0.69,0.664,0.672,0.708,0.738,0.702,0.621,0.598,0.61,0.608,0.567,0.531,0.518,0.481,0.471,0.452
Mongolia,8.21,8.22,6.31,4.32,4.25,4.18,4.12,4.08,4.27,4.51,4.53,4.53,4.49,4.42,4.32,4.23,4.13,4.07,3.9,3.75,3.69,3.64,3.63,3.69,3.75,3.86,3.89,3.77,2.91,1.92,1.45,1.07,0.793,0.681,0.685,0.725,0.743,0.77,0.788,1.78,2.81,2.81,2.83,2.86,2.89,2.93,2.96,3.02,3.09,3.18,2.42,2.04,2.1,2.1,2.06,2.01,1.96,1.92,1.86,1.8
Northern Mariana Islands,5.52,4.74,4.2,4.42,4.79,5.32,5.7,8.05,7.81,7.2,6.77,6.65,6.07,4.63,3.58,2.51,1.81,2.31,4.48,7.24,9.21,10.8,11.9,12.3,12.2,12.3,12,10.6,8.06,5.17,1.93,−0.443,−1.58,−0.921,1.08,3.63,5.34,5.86,4.99,3.35,1.59,0.249,−0.696,−1.15,−1.13,−1.09,−1.12,−0.995,−0.7,−0.327,0.165,0.629,0.969,1.03,0.952,0.823,0.745,0.689,0.665,0.697
Mozambique,4.79,4.95,4.98,5,5,4.99,5,5,4.99,4.99,5.67,6.22,6.23,6.34,6.45,6.57,6.62,6.61,6.48,6.3,8.97,9.07,8.71,8.17,7.51,6.76,6.14,6,6.47,7.4,4.52,5.44,5.91,5.83,5.39,4.9,4.55,3.23,3.14,3.29,3.45,3.55,3.59,3.56,3.49,3.43,3.38,4.28,4.33,4.33,4.33,4.32,4.32,4.34,4.36,4.39,4.4,4.41,4.4,4.37
Mauritania,10.7,10.6,10.6,10.6,10.5,10.5,10.5,10.4,10.3,10.2,10.1,10,9.87,9.77,9.65,9.54,8.92,8.35,8.26,8.16,8.06,7.96,7.83,7.68,7.5,7.33,7.16,5.91,2.32,2.3,2.28,2.27,2.26,2.24,2.22,2.21,2.21,2.22,2.26,2.32,4.08,4.98,4.99,4.99,4.97,4.94,4.92,4.91,4.89,4.88,4.87,4.85,4.8,4.73,4.64,4.55,4.46,4.37,4.29,4.2
Mauritius,5.22,4.84,4.59,4.37,4.16,3.99,3.83,3.7,3.58,3.48,3.38,3.29,0.989,1.02,1.07,1.11,1.12,0.799,1.23,1.17,0.968,0.706,0.403,1.79,1.56,1.5,1.48,1.42,1.49,1.43,0.799,1.03,0.903,1.12,0.576,0.738,0.967,0.768,0.984,0.695,0.53,0.431,0.46,0.362,0.329,0.2,0.191,0.0937,−0.00038,−0.0289,−0.107,0.00674,−0.0461,−0.0885,−0.138,−0.151,−0.0786,−0.0631,−0.0339,−0.0124
Malawi,4.6,4.63,4.68,4.7,4.73,4.75,7.06,7.35,7.36,7.36,7.34,7.36,7.37,7.42,7.47,7.58,7.68,5.92,5.33,5.18,4.88,4.69,4.91,5.62,6.58,7.64,8.3,8.63,7.74,6.34,4.83,3.65,3,3.1,3.73,4.52,5.09,5.45,3.78,3.28,3.11,3.03,3.02,3.08,3.2,3.31,3.4,3.45,3.54,3.61,3.68,3.75,3.81,3.84,3.88,3.89,3.92,3.97,4.03,4.12
Malaysia,5.54,5.58,5.54,5.41,5.21,5.01,4.85,4.71,4.62,4.58,4.78,4.74,4.71,4.71,4.73,4.77,4.79,4.78,4.72,4.61,4.2,4.13,4.13,4.22,4.34,4.49,4.59,4.62,4.54,4.4,4.24,4.99,4.97,4.9,4.86,4.83,4.76,4.67,4.51,4.34,3.71,3.56,3.44,3.37,3.33,3.3,3.25,3.17,3.04,2.88,2.54,2.37,2.27,2.22,2.21,2.2,2.17,2.13,2.08,2.01
Namibia,4.7,4.64,4.68,4.71,4.71,4.71,4.71,4.75,4.85,4.83,4.19,4.3,4.27,4.11,3.85,3.59,3.39,3.26,3.24,3.29,3.32,3.22,3.34,3.64,4,4.39,4.67,4.75,4.58,4.28,3.94,4.19,4.19,4.03,3.92,3.83,3.72,3.61,3.48,3.35,3.22,4.12,4.23,4.23,4.26,4.32,4.36,4.38,4.33,4.27,4.19,4.2,4.15,4.13,4.12,4.08,4.03,3.96,3.87,3.77
New Caledonia,6.48,6.33,6.28,6.24,6.07,6.56,6.36,6.18,7.01,8.96,8.43,5.99,3.84,3.38,2.57,2.4,2.17,1.79,1.41,1.79,2.51,2.78,2.61,2.22,2.09,2.12,2.24,2.2,2.21,2.61,2.82,2.74,2.82,2.9,2.5,2.22,2.53,2.49,2.49,2.48,2.48,2.47,2.27,2.08,2.5,2.54,2.5,2.46,2.3,2.25,2.51,2.49,2.45,2.31,0.89,0.877,0.862,0.847,0.833,0.823
Niger,4.6,4.63,7.13,7.13,7.08,7.05,8.24,8.2,8.15,8.12,8.07,8.03,7.99,7.98,7.98,7.99,7.97,5.84,4.48,4.46,4.45,4.44,4.44,4.44,4.44,4.44,4.45,4.38,3.55,3.63,3.74,3.82,3.89,3.93,3.97,4,4.03,4.07,4.1,4.12,4.09,3.63,3.66,3.68,3.7,3.72,3.73,3.75,3.79,3.82,3.85,3.87,3.88,3.97,4.05,4.12,4.21,4.27,4.35,4.43
Nigeria,3.47,3.5,3.54,3.56,3.56,3.57,3.58,3.61,3.64,3.69,4.5,4.53,4.59,4.71,4.85,5,5.1,5.13,5.06,4.93,5.85,5.72,5.62,5.59,5.58,5.6,5.59,5.56,5.51,5.44,4.2,4.17,4.14,4.11,4.1,4.09,4.07,4.06,4.06,4.05,4.86,4.85,4.83,4.83,4.82,4.81,4.8,4.79,4.77,4.74,4.7,4.65,4.59,4.52,4.45,4.38,4.31,4.24,4.17,4.1
Nicaragua,4.27,4.22,4.35,5.1,5.05,5.02,4.98,4.95,4.93,4.91,4.65,3.65,3.66,3.66,3.66,3.66,3.64,3.61,3.55,3.48,3.41,3.34,3.25,3.14,3.02,2.89,2.77,2.7,2.69,2.72,2.75,2.77,2.74,2.65,2.49,2.18,2.07,1.98,1.9,1.83,1.76,1.7,1.65,1.63,1.64,1.72,1.72,1.72,1.71,1.7,1.69,1.68,1.67,1.65,1.64,1.63,1.63,1.64,1.64,1.63
Netherlands,1.76,1.73,1.65,1.64,1.67,1.61,1.43,1.34,1.45,1.53,1.59,1.53,1.34,1.29,1.39,1.28,1.09,1.1,1.18,1.27,1.24,1.08,0.996,1.01,1.07,1.15,1.22,1.23,1.17,1.26,1.72,2.04,1.94,1.81,1.66,1.6,1.61,1.68,1.7,1.72,2.09,2.27,2.01,1.8,1.59,1.37,1.29,1.4,1.55,1.49,1.32,1.17,0.969,0.922,0.98,1.04,1.08,1.04,1.08,0.945
Curaçao,1.56,2.31,2.4,2.23,2.07,1.53,1.54,2.02,2.08,1.96,2.26,0.657,−0.111,1.4,0.94,0.592,0.444,−0.354,0.0606,0.512,0.774,1.36,1.07,0.875,0.858,0.314,−0.453,−1.13,−1.24,−0.728,−0.371,0.243,1.18,1.09,1.17,1.57,1.17,−1.02,−2.91,−3.46,−3.38,−0.00596,1.93,1.59,2.42,2.43,1.84,1.12,0.51,1.12,1.28,0.695,1.01,1.24,1.22,0.971,0.242,−0.59,−1.25,−1.59
Norway,2.93,4,3.84,3.73,3.64,3.56,3.49,3.39,3.26,3.07,1.97,1.51,1.43,1.34,1.26,1.17,1.11,1.06,1.01,0.981,0.687,0.552,0.516,0.466,0.482,0.539,0.65,0.718,0.593,0.522,0.905,1.13,1.14,1.1,0.973,0.879,1.1,1.33,1.4,1.24,0.976,1,1.04,0.999,1.04,1.16,1.4,1.62,1.63,1.61,1.74,1.84,1.72,1.63,1.49,1.37,1.28,1.12,1.12,1.02
Nepal,4.17,2.74,2.76,2.82,2.87,2.95,3,3.07,3.1,3.15,3.28,6.79,6.79,6.83,6.84,6.88,6.88,6.87,6.9,6.91,6.88,6.02,6.01,5.99,5.94,5.88,5.84,5.86,5.94,6.06,6.23,6.99,6.99,6.9,6.73,6.56,6.39,6.23,6.08,5.93,5.71,3.62,3.5,3.4,3.33,3.29,3.25,3.1,2.83,2.49,2.11,1.83,1.76,2,2.45,2.97,3.4,3.73,3.88,3.91
Nauru,5.55,6.59,6.43,5.89,4.7,3.46,2.54,1.94,1.6,1.66,1.75,1.92,1.91,1.9,1.63,1.47,1.53,1.46,1.6,1.63,1.54,1.83,1.82,2.04,2.02,2.07,2.15,2.12,2.37,2.46,2.7,2.67,2.53,2.01,1.23,0.479,−0.319,−0.717,−1.12,−1.1,−1.13,−1.15,−1.11,−0.844,−0.587,−0.213,0.193,0.345,0.656,0.641,0.598,0.663,0.708,0.79,0.823,0.959,0.979,0.95,0.802,0.648
New Zealand,2.69,3.33,2.76,2.85,2.38,2.46,2.33,1.41,1.41,1.87,1.97,2.17,2.35,2.47,2.33,1.19,0.432,0.153,−0.273,0.245,0.484,1.04,1.41,0.914,0.666,0.103,1.15,0.563,0.762,1.2,5.09,1.22,1.32,1.51,1.64,1.75,1.41,0.98,0.619,0.681,0.681,1.81,2.04,1.56,1.2,1.29,0.863,0.779,0.93,1.04,0.693,0.619,0.838,1.73,2.11,2.31,2.17,1.87,1.68,2.18
Oman,8.71,8.71,8.69,8.66,8.6,8.58,8.57,8.59,8.62,8.69,8.74,8.8,8.93,9.18,9.45,9.69,9.8,9.85,9.79,9.66,9.51,9.34,9,8.52,7.95,7.32,6.76,6.47,6.48,6.66,6.94,7.02,6.66,4.52,2.54,1.43,0.556,0.0654,0.107,0.55,1.15,1.7,2.15,2.9,3.45,3.51,3.68,4.22,5.18,6.3,8.02,9.12,9.03,8.33,7.28,6.25,5.36,4.61,4.03,3.58
Pakistan,4.14,3.54,3.58,3.63,3.66,3.69,3.72,3.74,3.75,3.76,3.77,3.79,4.01,4.12,4.19,4.26,4.31,4.38,4.44,4.5,4.42,4.19,4.2,4.17,4.11,4.06,4,3.93,3.85,3.77,3.68,3.6,3.56,3.56,3.6,3.65,3.66,3.58,3.37,3.25,3.12,3.02,2.94,2.9,2.89,2.89,2.87,2.85,2.82,2.78,2.74,2.71,2.68,2.67,2.66,2.66,2.65,2.67,2.68,2.67
Panama,4.42,4.5,4.49,4.47,4.43,4.39,4.35,4.31,4.27,4.13,3.43,3.4,3.36,3.31,3.25,3.19,3.12,3.07,3.02,2.99,3.04,3,2.95,2.92,2.88,2.85,2.81,2.79,2.76,2.86,3.66,3.62,3.57,3.54,3.5,3.48,3.44,3.4,3.34,3.18,2.42,2.38,2.35,2.33,2.31,2.29,2.27,2.25,2.23,2.2,2.19,2.18,2.18,2.18,2.2,2.21,2.21,2.2,2.17,2.12
Peru,4.08,5.18,5.15,5.09,5.02,4.94,4.87,4.81,4.74,4.69,4.64,4.53,3.8,3.76,3.72,3.67,3.62,3.57,3.52,3.46,3.4,3.08,3.02,2.98,2.94,2.9,2.86,2.81,2.75,2.68,2.6,2.53,2.46,2.49,2.47,2.45,2.42,2.34,2.2,2.02,1.83,1.67,1.53,1.45,1.39,1.36,1.32,1.13,1.05,1.06,1.06,1.07,1.14,1.3,1.49,1.72,1.9,1.96,1.86,1.66
Philippines,4.18,4.17,4.12,4.05,3.96,3.88,3.8,3.75,3.72,3.82,4.43,4.41,4.38,4.35,4.22,3.77,3.74,3.72,3.71,3.97,5.21,5.18,5.14,5.09,5.03,4.98,4.92,4.85,4.76,4.29,2.31,2.25,2.21,2.17,2.14,2.11,2.07,2.04,2.01,1.97,1.95,1.92,1.87,1.79,1.7,1.61,1.52,1.47,1.46,1.58,2.11,2.12,2.11,2.06,1.99,1.92,1.89,1.88,1.88,1.89
Palau,3.31,3.27,2.78,2.62,2.45,2.05,1.83,1.65,1.84,2.06,2.56,2.86,2.73,2.02,1.06,−0.0381,−1.02,−1.45,−0.993,0.0131,2.22,3.51,4.08,4.17,4.03,3.4,2.56,2.46,2.6,2.92,3.02,3.2,3.17,3.24,3.01,2.36,2,1.82,1.61,1.4,1.14,0.937,0.509,1.37,0.699,−0.156,−0.965,−1.37,−1.28,−0.904,−0.231,0.261,0.69,0.971,1.06,1.08,1.26,1.28,1.17,1.15
Papua New Guinea,9.53,9.59,9.61,9.69,9.7,9.76,15.1,15,14.9,14.8,14.7,4.36,4.22,4.25,4.28,4.31,4.33,4.37,4.39,4.42,4.16,4.09,4.09,4.05,3.99,3.94,3.88,3.83,3.79,3.75,1.15,1.04,1.04,1.05,1.09,1.14,1.18,1.17,1.09,0.986,1.98,1.92,1.89,1.94,2.05,2.18,2.26,2.3,2.25,2.16,2.04,1.96,2.01,2.09,2.19,2.29,2.39,2.48,2.57,2.64
Poland,2.41,1.96,2.14,2.19,1.78,1.54,1.75,1.74,1.56,1.12,1.4,2.06,2.13,2.16,2.18,2.16,2.11,1.93,1.66,1.57,1.55,1.55,1.57,1.53,1.42,1.29,1.17,1.02,0.659,0.466,0.428,0.378,0.328,0.284,0.207,0.149,0.139,0.107,0.0647,−0.973,0.0453,−0.00423,−0.247,−0.24,−0.226,−0.244,−0.237,−0.171,−0.116,−0.469,−0.13,−0.208,−0.267,−0.283,−0.274,−0.209,−0.109,−0.0784,−0.0594,−0.0287
Puerto Rico,4.82,5.08,5.1,4.8,4.3,3.86,3.38,3.14,3.26,3.42,3.15,3.48,3.62,3.52,3.25,3.02,2.8,2.62,2.5,3.66,6.78,6.01,5.31,4.7,4.15,3.67,3.25,2.88,2.56,2,0.884,0.818,1.01,1.09,1.08,1.28,1.08,0.725,0.646,0.371,0.157,0.0706,0.0053,−0.039,−0.204,−0.483,−0.646,−0.647,−0.607,−0.569,−1.21,−1.26,−1.19,−1.67,−1.79,−1.96,−2.43,−4.06,0.0085,0.016
North Korea,4.47,4.09,3.92,4.04,4.35,4.68,4.88,6.91,8.06,7.71,3.65,3.57,3.4,3.17,2.88,1.78,1.52,1.37,1.35,1.43,1.73,1.81,1.85,1.84,1.79,1.73,1.68,1.67,1.69,1.74,1.8,1.83,1.81,1.65,1.44,1.28,1.13,1.03,0.994,0.997,1.02,1.02,0.997,0.937,0.85,0.76,0.683,0.632,0.743,0.794,0.804,0.813,0.814,0.808,0.794,0.807,0.818,0.828,0.834,0.835
Portugal,1.91,1.79,1.46,1.11,0.637,0.282,0.397,0.601,0.12,0.124,0.584,0.846,1.02,2.38,4.78,3.82,2.03,2.04,2.03,2.03,1.88,1.8,1.64,1.55,1.43,1.24,1.11,1.02,0.966,0.882,0.919,1.28,1.45,1.59,1.65,1.66,1.71,1.75,1.8,1.92,1.88,1.67,1.48,1.33,1.26,1.24,1.24,1.18,1.11,1.05,0.839,0.564,0.4,0.393,0.5,0.581,0.635,0.701,0.868,1.01
Paraguay,2.9,2.91,3.04,3.1,3.1,3.11,3.11,3.08,3.03,2.96,2.88,2.83,3.75,3.78,3.82,3.87,3.9,3.95,4.01,4.08,4.13,4.18,4.6,4.59,4.55,4.5,4.44,4.37,4.29,4.21,4.11,4.02,3.76,3.66,3.59,3.52,3.44,3.36,3.28,3.19,3.1,3.02,2.47,2.29,2.19,2.08,1.99,1.93,1.9,1.9,1.91,1.91,1.86,1.82,1.8,1.78,1.76,1.75,1.74,1.73
Palestine,,,,,,,,,,,,,,,,,,,,,,,,,,,,,,,5.23,5.22,5.2,5.19,5.18,5.17,5.16,3.03,2.87,2.86,2.86,2.86,2.86,2.85,2.85,2.85,2.85,3.04,2.96,2.9,2.84,2.79,2.73,2.68,2.63,2.59,2.34,2.89,2.87,2.85
French Polynesia,5.5,5.75,6.49,6.74,6.54,6.31,6.11,6,5.94,5.93,5.34,4.39,4.39,4.32,4.22,4.11,3.84,2.99,2.95,2.93,2.9,2.85,2.8,2.66,2.55,2.48,2.41,2.29,1.94,1.7,1.47,1.29,1.21,1.25,1.36,1.5,1.83,1.91,1.85,1.73,1.61,1.5,2.12,2.34,2.11,1.87,1.65,1.5,1.42,1.41,1.41,1.41,0.697,0.591,0.597,0.615,0.637,0.646,0.681,0.704
Qatar,8.68,9.47,9.72,9.36,8.92,8.42,8.07,8,8.2,8.5,8.93,8.97,8.66,7.83,6.81,5.65,4.92,5.23,6.75,8.78,10.5,11.3,11.1,10,8.48,7.32,6.68,5.63,4.62,3.69,2.84,2.14,1.69,1.54,1.66,2.13,2.74,3.23,3.6,3.99,3.94,4.31,6.37,10.2,14.2,17,17.8,16.7,14.3,11.7,9.33,7.67,6.29,5.2,4.32,3.47,2.68,2.13,1.85,1.76
Romania,2.79,2.62,2.59,2.57,2.49,2.67,2.92,2.61,2.3,2.44,2.27,2.18,2.06,2.12,2.44,2.38,2.33,2.49,2.21,2.08,2.19,2.06,1.87,1.83,1.86,1.89,1.9,1.86,1.82,1.52,0.462,−0.354,−0.419,−0.427,−0.486,−0.573,−0.574,−0.492,−0.444,−0.42,−1.68,−1.97,−0.471,−0.323,−0.371,−0.346,−1.23,−1.42,−0.589,−0.35,−0.249,−0.419,−0.44,−0.443,−0.494,−0.55,−0.511,−0.473,−0.368,−0.239
Russia,2.76,2.73,2.7,2.67,2.63,2.06,2.03,2,1.97,1.91,1.86,1.83,1.8,1.77,1.75,1.85,1.82,1.8,1.58,1.35,1.3,1.25,1.21,1.36,1.37,1.3,1.27,1.22,0.883,0.163,0.28,0.0915,−0.0589,−0.0411,−0.0271,−0.152,−0.171,−0.171,−0.316,−0.426,−0.43,−0.467,−0.41,−0.341,−0.32,−0.266,−0.11,0.0172,0.0899,0.106,0.139,0.248,0.31,0.335,0.328,0.324,0.279,0.177,0.157,0.0142
Rwanda,4.17,3.89,3.75,3.95,4.26,4.69,5,5.21,5.2,5.14,7.34,7.49,7.45,7.53,7.63,7.69,7.75,7.82,5.14,4.83,4.72,4.63,4.7,5.03,5.42,6.09,6.46,5.82,3.99,1.54,−1.48,8.01,8.33,9.55,13,17.5,15.7,14.2,13.5,11.6,9.55,8.17,2.29,1.45,1.85,2.3,2.54,2.69,2.7,2.61,2.52,2.49,2.48,2.6,2.76,2.91,3.04,3.15,3.2,3.23
Saudi Arabia,6.72,6.83,7.82,8.68,8.51,8.35,8.23,8.2,8.24,8.36,8.49,8.59,8.6,8.55,7.9,7.66,7.57,7.63,7.85,8.12,8.34,8.41,8.24,7.83,7.27,6.73,5.54,5.14,4.76,4.41,4.1,3.81,3.17,2.82,2.61,2.4,2.24,2.22,2.35,2.59,2.86,3.09,3.22,3.24,3.19,3.1,3.04,3.03,3.09,3.19,3.3,3.36,3.3,3.1,2.82,2.53,2.27,2.07,1.93,1.84
Sudan,7.36,7.37,7.39,7.4,7.4,7.41,7.42,7.42,7.41,7.41,7.38,7.37,6.64,4.42,4.5,4.56,4.61,4.63,4.62,4.59,4.55,4.53,5.99,8.04,7.87,7.68,7.52,7.46,7.52,7.67,7.83,7.93,7,3.7,3.35,2.98,2.68,2.5,2.48,2.57,2.68,2.75,2.76,2.69,2.57,2.44,2.34,2.3,2.39,2.52,2.66,2.78,2.88,2.95,3.01,3.07,3.12,3.18,3.24,3.29
Senegal,5.49,5.48,5.48,5.49,5.5,5.49,5.49,5.49,5.49,5.5,5.38,5.39,5.32,5.18,5,4.55,3.43,3.39,3.46,3.6,3.76,3.88,3.97,4.01,4,3.99,3.98,3.91,3.38,3.37,3.36,3.34,3.28,3.17,3.03,2.89,2.77,2.71,2.69,2.72,2.76,2.79,3.19,3.51,3.54,3.58,3.61,3.65,3.67,3.69,3.71,3.72,3.73,3.73,3.74,3.75,3.76,3.74,3.72,3.69
Singapore,3.34,2.77,2.53,2.56,2.43,2.49,2.21,1.72,1.5,1.55,1.83,1.85,1.87,1.66,1.46,1.35,1.39,1.21,1.26,1.27,4.81,4.39,1.3,1.89,0.137,−0.0945,1.5,2.54,2.94,3.89,2.85,3,2.53,3.14,3.04,4.06,3.36,3.4,0.799,1.73,2.7,0.913,−1.47,1.25,2.35,3.13,4.17,5.32,3.02,1.77,2.08,2.45,1.62,1.3,1.19,1.3,0.0886,0.47,1.14,−0.312
Solomon Islands,7.54,7.55,7.55,7.56,7.53,7.52,7.52,7.59,7.7,6.24,4.09,4.23,4.3,4.29,4.21,5.24,6.88,6.8,6.73,6.68,6.62,6.56,6.48,6.37,6.24,6.13,4.95,4.2,4.18,4.2,4.22,4.23,4.23,4.23,4.21,4.2,4.18,4.16,4.12,4.74,5.12,5.09,5.03,4.94,4.83,4.71,4.62,4.6,4.65,4.75,4.82,4.88,4.89,4.86,4.79,4.72,4.65,4.58,4.49,4.4
Sierra Leone,4.61,4.64,4.74,4.99,5,5.02,5.03,5.05,5.06,5.08,5.1,5.11,5.11,5.12,4.26,3.6,3.63,3.65,3.66,3.67,3.64,3.59,3.63,3.8,3.99,3.9,3.76,3.6,3.03,2.23,1.37,0.678,0.262,0.251,0.555,0.891,1.21,1.74,2.51,3.38,4.3,5.03,5.3,5.05,4.7,4.24,3.74,3.4,3.26,3.26,3.28,3.25,3.22,3.19,3.16,3.14,3.14,3.14,3.12,3.1
El Salvador,3.31,3.19,3.22,3.21,3.17,3.11,3.06,3,2.95,2.91,2.87,3.8,3.72,3.63,3.52,3.42,3.32,3.2,3.07,2.93,2.78,2.66,2.55,2.49,2.45,2.42,2.39,2.37,2.38,2.39,2.41,2.42,3.53,3.76,3.6,3.43,3.26,3.1,1.77,1.68,1.59,1.51,1.44,1.39,1.35,1.32,1.37,1.85,1.81,1.78,1.76,1.73,1.71,1.69,1.67,1.63,1.59,1.55,1.51,1.46
San Marino,4.76,4.8,4.65,4.65,4.39,4.3,4.09,3.84,3.5,3.07,4.94,4.32,3.92,3.83,3.94,4.15,4.29,4.38,4.09,3.74,3.42,3.11,2.79,2.63,2.46,2.34,2.2,1.07,1.2,1.21,1.36,1.53,2,1.96,1.75,1.68,1.58,1.46,1.44,1.52,1.62,1.46,1.41,1.52,1.63,1.55,1.54,1.48,1.53,1.52,1.61,1.63,1.6,1.38,1.18,0.875,0.666,0.494,0.383,0.351
Somalia,5.06,5.08,5.08,4.96,4.81,5.01,5.21,5.15,4.74,4.21,3.3,2.69,3.39,5.81,8.44,10.8,12.5,12.2,10.2,7.34,4.56,2.43,1.11,0.892,1.45,2.26,2.88,3.25,2.99,2.45,1.84,1.46,1.43,1.92,2.75,3.66,4.38,4.82,4.92,4.77,4.59,4.47,5.48,5.36,5.25,5.14,−4.65,7.39,7.21,7.07,6.93,4.06,4.04,4.04,4.06,4.09,4.11,4.13,4.14,4.15
Serbia,4.05,3.92,3.8,3.71,3.58,3.8,3.62,3.52,3.38,3.29,3.08,2.01,1.96,1.93,1.89,2.09,1.97,1.89,1.82,1.73,1.78,1.34,1.24,1.14,1.05,1.27,1.13,1.02,0.94,0.885,0.845,1.11,1.13,0.894,−0.99,0.334,0.149,0.0498,0.0633,0.106,0.25,0.328,0.204,0.185,0.112,0.0179,0.00586,−0.0179,0.00514,0.00067,−0.387,−0.23,−0.283,−0.264,−0.292,−0.319,−0.296,−0.279,−0.238,−0.204
South Sudan,1.72,1.76,1.82,1.86,1.91,1.96,2,2.05,2.1,2.13,2.19,2.22,2.28,2.32,2.38,2.38,2.37,2.46,2.62,2.81,3.02,3.11,5.61,9.01,8.51,8.12,7.73,7.19,6.4,5.54,4.51,3.64,2.39,−0.66,0.915,2.79,4.35,5.3,5.47,5.16,4.7,4.43,4.41,4.7,5.14,5.58,5.79,5.72,5.36,4.82,4.29,3.86,3.44,3.05,2.72,2.35,2.04,1.98,2.22,2.68
Sao Tome and Principe,4.93,6.51,6.22,6.57,7.31,8.24,8.94,9.25,9.05,8.59,4.65,3.23,3.11,3.26,3.57,3.92,4.17,4.2,3.96,3.58,3.16,4.56,4.58,4.68,4.92,5.21,5.4,5.46,5.33,5.1,4.86,4.27,4.04,3.87,3.72,3.55,3.42,3.36,3.36,3.44,3.51,3.98,4.14,4.29,4.44,4.61,4.74,4.73,4.55,4.28,3.97,3.72,3.48,3.35,3.26,3.18,3.11,3.04,2.97,2.92
Suriname,2.83,2.74,2.69,2.57,2.18,2.27,2.28,2.02,1.45,0.687,−0.153,1.9,4.04,3.75,3.75,3.86,3.91,3.91,3.78,3.57,0.286,0.332,0.488,0.786,1.18,1.59,1.94,2.15,2.2,2.13,2.03,1.95,1.85,1.75,1.65,1.54,1.43,1.35,1.31,1.3,1.3,1.29,1.29,1.28,1.08,1.06,1.06,1.05,1.05,1.04,1.03,1.03,1.01,1.01,1,0.998,0.991,0.986,0.982,0.984
Slovak Republic,4.44,3.32,3.22,3.22,3.14,3.04,2.94,2.84,2.8,2.44,2.72,3.34,3.4,3.42,3.39,3.35,3.3,3.22,3.15,2.93,2.02,1.66,1.61,1.56,1.54,1.47,1.4,1.37,1.31,1.26,0.588,−0.075,0.276,0.286,0.185,0.104,0.0783,0.0259,−0.00625,−0.244,−0.308,−0.304,−0.334,−0.289,−0.26,−0.268,−0.244,−0.186,−0.141,−0.408,−0.357,−0.0874,−0.151,−0.162,−0.111,−0.0252,0.0529,0.092,0.141,0.143
Slovenia,3.74,3.4,3.6,3.67,3.74,3.92,3.8,3.49,3.11,3.17,3.36,3.62,3.59,3.25,3.64,4.1,3.77,3.6,3.53,3.4,2.12,0.528,0.953,0.837,0.813,1.57,1.53,0.594,0.379,0.411,0.315,−0.0953,−0.187,−0.0623,0.0729,−0.00923,−0.0831,−0.167,0.125,0.347,0.209,0.275,0.502,0.506,0.611,0.755,0.993,0.592,1.33,0.864,0.634,0.635,0.557,0.519,0.493,0.517,0.532,0.855,1.21,1.1
Sweden,1.58,1.87,1.84,1.98,2.12,2.06,1.81,1.56,1.66,1.86,1.34,0.691,0.559,0.671,0.655,0.451,0.441,0.377,0.305,0.288,0.136,0.0572,0.0453,0.0909,0.165,0.233,0.334,0.46,0.667,0.773,0.807,0.775,0.767,0.896,0.707,0.266,0.0906,0.0889,0.111,0.194,0.322,0.399,0.447,0.467,0.472,0.694,0.929,0.966,1.04,1.03,1.04,1.12,1.22,1.35,1.41,1.6,1.69,1.49,1.33,1.03
Eswatini,12.2,12.2,12.2,12.3,12.4,12.3,10.5,10.6,10.5,10.5,10.4,10.3,10.2,10.2,10.2,10.2,6.04,5.35,5.41,5.47,5.51,5.53,5.54,5.54,5.51,5.48,5.42,5.32,5.15,4.95,4.72,4.51,4.32,4.17,4.04,3.93,3.44,1.13,0.86,0.557,0.231,−0.042,−0.21,−0.244,−0.162,−0.0484,0.26,1.68,1.69,1.67,1.65,1.33,1.35,1.4,1.47,1.58,1.67,1.75,1.8,1.83
Sint Maarten (Dutch part),8.26,9.01,9.51,9.28,9.32,9.31,9.11,8.83,8.14,7.57,7.29,6.82,6.58,6.3,6.25,6,6.15,6.2,6.43,6.73,6.88,6.9,7.33,7.97,8.79,9.48,9.64,8.99,7.4,5.47,3.54,2.01,1,0.6,0.689,0.863,0.94,−1.56,−0.501,−1.83,0.265,0.577,2.23,3.18,1.6,1.29,1.1,0.451,0.803,−0.533,−1.84,3.54,5.52,2.9,2.98,2.9,1.5,0.197,0.194,0.194
Seychelles,6.51,6.31,6.14,6.05,5.99,5.92,5.82,5.73,5.61,5.51,5.22,5.98,5,5.21,5.6,5.23,5.2,0.821,0.827,0.881,1.19,0.555,−0.151,0.563,0.78,0.592,4.22,0.343,0.604,0.53,1.41,0.571,2.23,2.85,1.69,1.72,1.46,2.28,2.32,1.28,0.509,3.51,−0.648,0.146,1.01,2.66,1.12,2.87,1.06,3.48,−1.91,1.72,2.61,2.35,3.01,2.11,1.99,1.72,1.64,1.6
Syria,4.79,4.91,4.91,4.92,4.92,4.94,4.94,4.95,4.95,4.95,4.34,4.17,4.18,4.16,4.14,4.11,4.08,4.08,4.12,4.19,4.25,4.07,4.01,3.94,3.83,3.72,3.62,3.53,3.46,3.41,3.35,3.29,3.24,3.22,3.47,3.54,3.54,3.48,3.34,3.16,2.85,2.58,2.61,3.03,3.63,4.41,4.88,4.54,3.25,1.39,−3.17,−4.99,−6.24,−6.51,−2.6,−1.73,−0.89,0.345,1.94,3.68
Turks and Caicos Islands,1.43,1.02,0.456,0.384,0.0697,0.139,0.382,0.346,0.996,1.93,3.04,3.8,4.32,4.28,4.05,3.47,3.15,3.3,3.75,4.84,8.06,8.43,8.35,8.15,7.31,6.71,6.06,5.99,6.45,6.99,7.21,7.75,7.75,7.21,6.51,5.52,4.87,4.82,5.58,6.63,7.69,8.13,8.07,7.25,6,4.82,3.89,3.21,2.85,2.76,2.65,2.53,2.37,2.22,2.08,1.94,1.84,1.78,1.67,1.62
Chad,5.85,5.87,5.88,6.5,8.42,8.35,8.27,8.26,8.28,8.38,8.48,8.56,8.2,8.08,7.89,7.69,7.52,7.42,2.99,3.1,3.19,3.29,3.42,3.59,3.76,3.96,4.12,4.23,4.26,4.24,4.21,4.19,4.02,3.4,3.48,3.53,3.57,3.64,3.74,3.84,3.94,4,4.01,3.93,3.8,3.66,3.55,3.47,3.46,3.57,3.68,3.77,3.83,3.85,3.86,3.86,3.87,3.9,3.94,3.99
Togo,9.08,8.89,9.02,9.62,10.4,11.3,11.9,12.1,11.7,9.6,4.76,4.3,3.94,3.77,3.73,3.69,3.63,3.73,4,4.36,4.74,5.08,5.26,5.2,5,4.81,4.66,4.47,4.25,4.02,3.77,3.56,3.51,3.67,3.94,4.26,4.5,4.6,4.52,4.33,4.12,3.97,3.88,3.87,3.92,3.97,4,4.01,3.99,3.97,4,4,3.96,3.92,3.87,3.83,3.79,3.75,3.72,3.7
Thailand,3.53,3.54,3.55,3.55,3.55,3.54,3.52,3.5,3.48,3.97,5.5,5.44,5.35,5.24,5.1,4.98,4.84,4.72,4.61,4.15,2.95,2.86,2.8,2.77,2.75,2.76,2.74,2.67,2.52,2.28,1.76,1.58,1.48,1.49,1.57,1.68,1.75,1.77,1.72,2.38,4.56,4.41,4.26,4.14,4.02,3.92,3.81,3.71,3.61,3.53,2.38,2.13,2.09,2.04,1.99,1.94,1.89,1.83,1.76,1.7
Tajikistan,4.57,4.69,4.75,4.73,4.64,4.56,4.48,4.4,4.31,3.38,2.3,2.22,2.17,2.12,2.09,2.06,2.04,2.05,2.14,2.26,2.29,2.3,2.35,2.43,2.51,2.61,2.66,2.56,1.76,0.774,0.376,0.0409,−0.198,−0.332,−0.37,−0.394,−0.418,−0.422,−0.405,0.595,1.64,1.71,1.78,1.83,1.89,1.95,2.01,2.07,2.13,2.19,2.24,2.37,2.49,2.61,2.73,2.86,2.96,3.02,3.03,3.02
Turkmenistan,3.69,3.69,3.66,3.59,3.51,3.41,3.32,3.25,3.21,3.01,2.77,2.75,2.71,2.68,2.63,2.6,2.57,2.52,2.3,2.03,1.97,1.92,1.9,1.91,1.95,1.97,1.98,2.03,2.25,2.51,2.63,2.69,2.62,2.38,2.36,2.37,2.06,1.82,1.68,1.6,1.54,1.49,1.47,1.5,1.6,1.7,1.82,1.94,2.09,2.23,2.38,2.51,2.59,2.61,2.58,2.54,2.5,2.46,2.42,2.38
Timor-Leste,3.23,4.37,4.4,4.43,4.43,4.39,4.34,4.36,4.47,4.63,4.87,5.02,4.8,4.14,3.21,2.14,1.25,0.848,1.15,2.01,3.05,3.93,4.55,4.76,4.69,4.55,4.5,4.53,4.68,4.91,4.67,4.59,4.48,4.07,3.47,2.79,2.24,2.02,2.23,2.74,3.34,3.81,4.06,4.02,3.64,3.39,3.21,3.08,3.02,3.02,3.02,3,3,3.03,3.07,3.12,3.15,3.17,3.16,3.14
Tonga,5.56,5.98,6.16,6.04,5.64,5.29,3.84,2.7,2.33,1.93,1.5,1.12,0.872,0.87,0.985,1.17,1.82,2.23,2.06,1.79,1.51,1.26,1.13,1.09,1.13,1.21,0.753,0.435,0.405,0.371,0.324,0.304,0.308,0.33,0.384,0.45,0.498,0.554,0.577,0.619,0.654,0.672,0.698,0.745,0.812,0.92,1.03,1.01,0.724,0.313,−0.177,−0.831,−1.17,−0.963,−0.468,0.128,0.62,1,1.15,1.11
Trinidad and Tobago,4.42,4.1,3.81,3.55,3.33,3.11,2.92,2.83,2.87,3.03,3.22,3.38,3.48,3.48,3.42,3.34,3.28,3.25,3.26,3.11,1.93,1.98,1.95,1.83,1.65,1.46,1.28,1.14,1.06,1.02,0.991,0.951,0.893,0.809,0.706,0.6,0.511,0.477,0.503,0.495,0.0169,0.1,0.159,0.169,0.152,0.123,0.106,0.113,0.143,0.198,0.253,0.337,0.396,0.417,0.409,0.397,0.386,0.377,0.374,0.374
Tunisia,2.59,2.73,2.86,2.98,3.05,3.29,4.11,4.14,4.13,4.11,4.07,4.05,4.02,4.02,3.94,3.51,3.51,3.56,3.66,3.78,3.91,4.01,4.02,4.06,4.24,4.06,3.9,3.78,3.7,3.65,3.61,3.55,3.43,3.12,2.39,2.19,2,1.84,1.71,1.6,1.48,1.39,1.34,1.33,1.28,1.37,1.44,1.49,1.49,1.46,1.42,1.39,1.38,1.41,1.47,1.53,1.57,1.59,1.56,1.51
Turkey,4.15,4.06,4.03,4.01,3.99,4.46,4.66,4.63,4.6,4.58,4.23,4.07,4.04,4,3.95,3.49,3.26,3.23,3.23,3.23,5.44,6.2,6.04,5.85,5.62,4.79,4.36,4.22,4.08,3.97,2.99,2.54,2.49,2.47,2.45,2.44,2.42,2.4,2.36,2.32,2.42,2.44,2.39,2.32,2.23,2.14,2.07,2.06,2.12,2.23,2.34,2.43,2.46,2.45,2.4,2.35,2.29,2.16,1.96,1.71
Tuvalu,3.48,3.59,3.36,3.66,3.93,4.06,4.63,4.86,4.47,4.36,3.72,3.36,3.68,4.44,5.73,7.1,8.07,8.33,7.6,6.54,5.3,4.4,3.87,3.58,3.99,5.16,5.17,5.25,5.07,4.69,4.37,2.86,1.86,1.62,1.35,1.14,1.03,0.953,1.04,1.4,1.81,2.07,3.09,3.62,3.34,3.25,2.99,2.89,2.84,2.9,2.82,2.89,2.72,2.81,2.72,2.72,2.62,2.61,2.61,2.43
Tanzania,5.67,5.7,5.72,5.73,5.73,5.73,5.75,9.55,10.2,10.3,10.3,10.3,10.2,10.2,10.1,9.99,9.86,9.78,6.54,5.96,5.94,5.95,5.93,5.91,5.85,5.8,5.75,5.76,4.95,4.9,5.03,5.11,5.06,4.87,4.6,4.31,4.09,3.97,3.99,4.1,4.24,4.34,5.23,5.39,5.36,5.33,5.32,5.32,5.32,5.34,5.35,5.36,5.35,5.32,5.28,5.24,5.19,5.14,5.08,5.02
Uganda,7.58,7.69,7.79,7.81,7.78,7.82,7.78,7.72,7.54,4.54,3.88,3.74,3.65,3.68,3.78,3.91,4.01,4.07,4.11,5.42,6.93,6.97,6.99,7.08,7.19,7.3,7.36,7.39,7.34,7.25,6.75,6.22,6.12,6.03,5.93,5.83,5.74,5.71,5.72,5.79,5.84,5.9,5.93,5.92,5.88,5.86,5.84,5.83,5.82,5.83,5.8,5.79,5.81,5.92,6.05,6.18,6.25,6.19,5.98,5.67
Ukraine,2.85,2.82,2.76,2.67,2.73,2.59,2.46,2.36,2.3,2.17,2.04,2.02,1.98,1.92,1.81,1.73,1.66,1.61,1.52,1.43,1.49,1.29,1.31,1.31,1.22,1.24,1.26,1.3,0.967,0.287,0.268,0.346,0.114,−0.438,−0.732,−0.829,−0.853,−0.837,−0.885,−0.948,−0.994,−0.801,−0.598,−0.507,−0.448,−0.412,−0.335,−0.281,−0.185,−0.26,−0.224,−0.112,−0.0926,−0.344,−0.127,−0.197,−0.253,−0.313,−0.357,−0.374
Uruguay,1.57,1.52,1.46,1.41,1.35,1.31,1.25,1.15,0.979,0.775,0.546,0.356,0.263,0.307,0.479,0.896,1.03,1.13,1.16,1.13,1.1,1.08,1.06,1.05,1.04,1.05,1.04,1.03,1.04,1.06,1.08,1.09,1.08,1.07,1.05,1.04,1.04,0.969,0.834,0.664,0.471,0.305,0.208,0.203,0.268,0.359,0.432,0.487,0.507,0.503,0.496,0.432,0.419,0.432,0.445,0.459,0.465,0.466,0.456,0.439
United States,2.2,2.08,1.97,1.91,1.77,1.67,1.59,1.5,1.47,1.53,1.28,1.08,0.968,0.927,1,0.964,1.02,1.07,1.12,1.02,1.19,1.16,1.12,1.07,1.09,1.13,1.09,1.11,1.14,1.41,1.87,1.91,1.83,1.73,1.69,1.65,1.68,1.64,1.61,1.51,1.21,1.15,1.08,1.14,1.14,1.18,1.16,1.16,1.09,1.04,0.94,0.95,0.915,0.959,0.967,0.958,0.872,0.767,0.702,0.599
Uzbekistan,4.08,4.11,4.16,4.23,4.31,4.4,4.45,4.4,4.22,4.23,4.26,4.04,3.9,3.87,3.91,3.97,3.99,3.99,3.38,2.66,2.6,2.55,2.51,2.48,2.47,2.45,2.43,2.4,2.93,4.07,3.26,3.47,3.38,3.07,2.9,3,2.96,2.68,2.14,2.43,2.3,2.25,2.18,2.16,2.16,2.21,2.41,2.58,2.65,3.78,3.06,1.28,1.37,1.49,1.55,1.54,1.49,1.59,1.79,1.89
St. Vincent and the Grenadines,3.19,3.02,2.85,2.78,2.72,2.72,2.66,2.66,2.65,2.67,2.7,2.72,2.72,2.71,2.67,2.63,2.59,2.53,2.49,2.42,2.36,2.28,2.23,2.17,2.14,2.11,2.07,2,1.89,1.77,1.56,1.01,0.926,0.858,0.816,0.774,0.736,0.733,0.771,0.829,0.895,0.988,1.01,0.984,0.893,0.79,0.724,0.699,0.704,0.773,0.855,0.914,0.974,1.03,1.05,1.1,1.12,1.15,1.14,1.11
Venezuela,5.62,5.2,5.1,5.01,4.91,4.83,4.74,4.65,4.53,4.41,4.28,4.06,3.91,3.86,3.82,3.79,3.75,3.7,3.64,3.57,3.5,3.36,3.27,3.24,3.21,3.18,3.14,3.09,3.02,2.94,2.78,2.68,2.61,2.54,2.49,2.43,2.36,2.31,2.27,2.23,2.19,1.85,1.81,1.76,1.69,1.6,1.5,1.44,1.45,1.48,1.59,1.64,1.43,0.888,0.141,−0.757,−1.49,−1.74,−1.26,−0.236
British Virgin Islands,4.47,5.02,4.87,5.23,5.2,5.17,5.13,5.36,5.02,5.21,5.01,5.16,4.91,4.68,4.47,4.23,3.97,4.12,4.68,5.52,8.55,9.01,9.41,9.57,9.8,9.91,9.89,9.67,9.01,8.19,6.87,3.07,2.5,2.18,1.93,1.7,1.44,1.47,1.7,2.08,2.41,2.84,3.22,3.67,4.12,4.6,4.91,4.82,4.27,3.52,2.65,1.92,1.45,1.25,1.35,1.51,1.53,1.58,1.62,1.5
Virgin Islands (U.S.),7.82,4.37,15.1,4.68,8.53,8.07,8.06,14.5,9.76,6.89,12.8,8.94,11.3,8.19,6.36,3.14,−1.81,4.14,1.47,4.68,1.32,1.27,1.28,1.21,1.07,0.952,0.888,0.843,0.839,3.57,1.49,1.51,1.43,1.28,1.02,0.787,0.743,0.643,0.51,0.426,0.161,0.201,0.228,0.189,0.205,0.133,0.175,0.253,0.198,0.142,0.115,0.0721,0.0234,0.00292,−0.0146,−0.0458,−0.0897,−0.139,−0.194,−0.244
Vietnam,5.23,5.2,5.17,5.12,5.09,5.05,5,4.93,4.82,4.71,2.98,2.89,2.81,2.76,2.72,2.69,2.66,2.65,2.68,2.58,2.58,2.63,2.65,2.64,2.62,2.59,2.56,2.53,2.87,3.96,3.93,3.87,3.78,3.64,3.48,3.31,3.16,3.02,3.06,3.41,3.32,3.25,3.19,3.16,3.14,3.13,3.13,3.13,3.13,3.18,3.18,3.18,3.16,3.15,3.12,3.09,3.04,2.98,2.91,2.83
Vanuatu,4.82,4.84,4.83,4.76,4.65,4.51,4.41,4.39,4.46,4.59,4.72,4.79,4.86,4.84,4.8,4.75,4.71,4.61,4.9,5.23,5.06,4.91,4.82,4.78,4.78,4.77,4.77,4.82,4.79,4.12,4.28,4.42,4.39,4.2,3.91,3.57,3.31,3.21,3.28,3.37,3.55,3.74,3.84,3.83,3.76,3.67,3.6,3.61,3.68,3.28,3.09,3.19,3.22,3.19,3.11,3.02,2.95,2.92,2.91,2.91
Samoa,3.48,3.6,3.63,3.54,3.38,3.23,3.73,3.7,3.43,3.14,2.83,1.97,1.44,1.28,1.15,1.05,0.751,0.595,0.582,0.6,0.663,0.641,0.622,0.567,0.47,0.347,0.255,0.252,0.35,0.532,0.736,1.18,1.39,1.35,1.22,1.07,0.936,0.866,0.854,0.904,0.95,0,−0.508,−0.489,−0.494,−0.484,−0.462,−0.424,−0.4,−0.348,−0.29,−0.32,−0.37,−0.439,−0.567,−0.707,−0.815,−0.743,−0.541,−0.262
Yemen,5.32,5.34,5.35,5.34,5.32,5.32,5.33,5.34,5.29,5.28,3.77,3.78,3.9,4.16,4.49,4.84,5.14,5.38,5.53,5.63,5.71,5.81,5.88,5.9,5.91,6.12,6.46,6.57,6.85,7.19,7.56,7.78,7.7,7.32,6.49,5.7,5.24,4.93,4.81,4.82,4.84,4.84,4.83,4.81,4.77,4.74,4.72,4.7,4.67,4.64,4.61,4.58,4.52,4.44,4.35,4.26,4.17,4.08,4.01,3.94
South Africa,2.83,2.73,2.76,2.78,2.79,2.8,2.81,2.83,2.85,2.85,2.79,2.81,2.8,2.76,2.71,2.64,2.59,2.58,2.63,2.74,3.02,3.09,3.1,3.04,3.17,3.54,3.43,3.37,3.37,3.42,3.45,3.41,3.36,3.22,3.01,2.8,2.62,2.47,2.35,2.26,2.17,2.18,2.17,2.15,2.15,2.17,2.18,2.22,2.26,2.31,2.37,2.42,2.42,2.39,2.33,2.26,2.19,2.13,2.07,2.02
Zambia,7.35,7.31,7.58,9.12,9.03,8.96,8.87,8.8,8.71,6.53,6.19,6.2,6.18,6.16,6.12,6.07,6.01,5.98,5.95,5.94,3.52,3.29,3.26,3.21,3.13,3.06,2.99,2.89,2.75,2.61,1.51,1.23,1.17,1.19,1.27,1.37,1.45,1.48,1.45,1.38,3.19,3.92,3.9,3.9,3.92,3.94,3.96,4.01,4.08,4.18,4.27,4.36,4.4,4.38,4.33,4.26,4.21,4.17,4.15,4.14
Zimbabwe,5.02,5.39,7.12,7.11,7.05,7.01,6.97,6.95,6.83,6.24,6.29,6.32,6.29,6.22,5.78,5.66,5.56,5.54,5.62,5.76,5.86,5.92,6.35,6.39,6.32,6.25,6.15,5.96,5.65,5.29,4.91,4.56,3.18,2.78,2.57,2.39,2.21,2.04,1.87,1.72,1.57,1.46,−0.0736,−0.224,−0.0667,0.11,0.282,0.46,0.64,0.807,0.99,1.15,1.23,1.29,1.3,1.27,1.28,1.32,1.42,1.57
